ID,Name,DIESEL,DEF
78055,tapetro,4.989,4.129
78053,tapetro,5.399,4.219
76542,tapetro,4.299,3.999
76538,tapetro,4.859,3.999
76536,tapetro,5.359,4.599
76532,tapetro,5.459,4.099
76530,tapetro,5.359,4.219
76522,tapetro,5.459,4.199
76520,tapetro,4.959,4.299
76516,tapetro,4.539,4.299
76508,tapetro,4.659,3.999
76506,tapetro,4.799,4.299
76500,tapetro,4.739,4.199
76496,tapetro,5.099,4.259
76492,tapetro,5.159,4.299
76490,tapetro,6.199,4.199
76486,tapetro,4.759,4.119
76482,tapetro,5.259,4.299
76480,tapetro,5.099,4.319
76478,tapetro,4.939,4.299
76476,tapetro,5.099,4.399
76472,tapetro,4.599,4.299
76470,tapetro,5.099,4.299
76466,tapetro,4.959,4.219
76464,tapetro,4.699,4.119
76460,tapetro,5.059,4.299
76458,tapetro,5.399,4.159
76454,tapetro,5.059,4.229
76442,tapetro,4.999,4.249
76440,tapetro,4.649,4.179
76436,tapetro,5.499,4.219
76434,tapetro,5.359,4.199
76432,tapetro,5.199,4.149
76422,tapetro,4.749,4.119
76418,tapetro,4.999,4.119
76416,tapetro,4.899,4.199
76414,tapetro,4.659,4.329
76412,tapetro,4.879,3.999
76402,tapetro,4.999,4.199
76388,tapetro,4.859,4.299
76376,tapetro,5.159,4.219
76372,tapetro,5.499,4.129
76358,tapetro,5.199,3.999
76356,tapetro,4.489,4.259
76350,tapetro,4.799,4.059
76346,tapetro,5.199,4.279
76340,tapetro,5.199,4.499
76332,tapetro,5.159,4.199
76330,tapetro,5.199,4.299
76328,tapetro,5.199,4.499
76326,tapetro,4.959,4.119
76322,tapetro,4.799,4.339
76318,tapetro,5.099,4.099
76312,tapetro,5.199,4.179
76308,tapetro,5.399,4.199
76306,tapetro,6.199,4.199
76298,tapetro,5.359,4.299
76294,tapetro,5.239,3.999
76283,tapetro,4.999,4.219
76279,tapetro,4.899,4.099
76277,tapetro,6.199,4.299
76273,tapetro,5.399,4.199
76267,tapetro,5.499,4.219
76265,tapetro,4.899,4.329
76261,tapetro,5.199,4.179
76257,tapetro,5.259,4.199
76255,tapetro,4.699,4.179
76251,tapetro,4.699,4.219
76240,tapetro,5.499,4.219
76233,tapetro,5.259,4.239
76229,tapetro,5.399,4.199
76218,tapetro,4.999,4.259
76216,tapetro,5.099,4.399
76203,tapetro,6.199,4.199
76201,tapetro,5.399,4.399
76193,tapetro,6.199,4.299
76185,tapetro,4.999,4.219
76181,tapetro,4.569,4.199
76177,tapetro,4.659,4.219
76173,tapetro,6.399,4.199
76165,tapetro,5.099,4.279
76163,tapetro,5.499,4.449
76157,tapetro,4.589,4.299
76153,tapetro,5.099,4.299
76139,tapetro,5.399,3.959
76135,tapetro,4.999,4.119
76129,tapetro,5.299,4.399
76123,tapetro,5.299,4.599
76119,tapetro,6.259,4.199
76115,tapetro,5.159,4.299
76113,tapetro,4.889,4.339
76107,tapetro,4.959,4.299
76103,tapetro,5.099,4.199
76095,tapetro,5.179,4.099
76079,tapetro,4.999,4.139
76075,tapetro,5.059,4.319
76073,tapetro,4.699,4.199
76071,tapetro,5.399,4.199
76069,tapetro,4.999,4.239
76064,tapetro,4.739,3.979
76061,tapetro,5.199,4.359
76052,tapetro,5.279,3.999
76048,tapetro,4.559,4.219
76044,tapetro,5.499,4.499
76042,tapetro,5.399,4.169
76040,tapetro,4.959,4.299
74432,tapetro,5.239,4.269
74183,tapetro,4.699,3.959
74181,tapetro,5.199,3.999
74179,tapetro,5.159,4.399
74177,tapetro,4.999,4.219
74175,tapetro,4.599,4.199
74173,tapetro,4.399,4.099
74171,tapetro,4.989,4.199
74169,tapetro,5.249,3.989
74163,tapetro,4.999,3.999
74161,tapetro,4.499,3.999
74159,tapetro,4.999,4.219
74157,tapetro,4.599,4.119
74155,tapetro,4.549,3.799
74153,tapetro,5.159,3.989
73900,tapetro,5.139,4.199
73881,tapetro,4.859,4.299
73872,tapetro,4.859,3.999
73870,tapetro,5.199,4.119
73866,tapetro,4.699,4.199
73864,tapetro,4.899,4.219
73862,tapetro,5.399,4.099
73860,tapetro,4.299,3.999
73858,tapetro,4.759,4.219
73856,tapetro,4.599,4.299
73847,tapetro,4.999,4.119
73843,tapetro,5.499,4.329
73841,tapetro,4.699,4.329
73837,tapetro,5.099,4.169
73833,tapetro,4.859,4.299
73831,tapetro,5.299,4.099
73829,tapetro,4.899,4.199
73825,tapetro,5.199,4.219
73816,tapetro,5.299,4.059
73814,tapetro,4.549,3.989
73805,tapetro,4.659,4.299
73799,tapetro,4.449,3.999
73797,tapetro,4.759,4.229
73787,tapetro,5.359,4.199
73779,tapetro,5.199,4.299
73777,tapetro,4.599,4.199
73763,tapetro,5.499,4.399
73755,tapetro,5.459,4.599
73751,tapetro,4.859,4.299
73743,tapetro,5.199,4.299
73741,tapetro,4.899,4.399
73739,tapetro,5.199,4.299
73733,tapetro,5.399,4.199
73730,tapetro,4.999,4.119
73726,tapetro,5.599,4.329
73718,tapetro,5.399,4.199
73716,tapetro,6.199,4.299
73714,tapetro,4.999,4.229
73707,tapetro,4.699,4.259
73699,tapetro,5.199,4.269
73697,tapetro,5.299,4.099
73695,tapetro,4.599,4.329
73693,tapetro,5.599,4.459
73673,tapetro,5.399,4.099
73661,tapetro,5.559,4.459
73655,tapetro,5.399,4.519
73649,tapetro,4.599,4.219
73641,tapetro,5.259,4.219
73631,tapetro,4.859,4.299
73629,tapetro,5.199,4.299
73627,tapetro,4.659,4.219
73619,tapetro,5.199,4.199
73617,tapetro,5.139,4.299
73615,tapetro,5.259,4.299
73605,tapetro,5.099,4.259
73600,tapetro,5.399,4.179
73590,tapetro,4.599,4.199
73588,tapetro,4.959,4.199
73580,tapetro,5.159,4.299
73578,tapetro,4.899,4.219
73566,tapetro,5.559,4.399
73550,tapetro,5.399,4.169
73548,tapetro,4.699,4.099
73546,tapetro,4.799,4.239
73542,tapetro,5.159,4.219
73540,tapetro,4.859,4.219
73534,tapetro,5.099,4.369
73520,tapetro,4.859,4.329
73516,tapetro,5.210,4.269
73510,tapetro,5.299,4.119
73508,tapetro,5.279,3.999
73500,tapetro,5.299,4.099
73498,tapetro,4.899,4.399
73494,tapetro,4.699,4.099
73492,tapetro,6.299,4.199
73490,tapetro,4.249,4.499
73486,tapetro,5.459,4.219
73483,tapetro,5.659,4.459
73481,tapetro,6.199,4.199
73479,tapetro,4.959,4.279
73477,tapetro,4.799,4.339
73475,tapetro,5.099,4.299
73471,tapetro,5.219,4.269
73467,tapetro,5.399,4.199
73461,tapetro,4.699,4.199
73458,tapetro,5.399,4.199
73456,tapetro,5.259,4.599
73454,tapetro,4.999,4.259
73452,tapetro,6.299,3.999
73448,tapetro,4.499,4.299
73440,tapetro,5.599,4.459
73438,tapetro,5.599,4.319
73424,tapetro,5.099,4.159
73417,tapetro,4.799,4.259
73413,tapetro,5.299,4.119
73403,tapetro,4.779,4.299
73401,tapetro,5.399,4.179
73383,tapetro,5.299,4.119
73381,tapetro,4.759,4.219
73379,tapetro,4.659,4.359
73377,tapetro,4.659,4.199
73375,tapetro,4.959,4.299
73369,tapetro,4.299,3.899
73359,tapetro,5.099,4.119
73339,tapetro,5.299,4.119
73337,tapetro,5.099,4.219
73333,tapetro,6.299,3.999
73331,tapetro,5.299,4.299
73327,tapetro,5.559,4.599
73322,tapetro,4.659,4.359
73316,tapetro,4.999,4.399
73312,tapetro,4.999,4.239
73306,tapetro,4.699,4.179
73304,tapetro,4.899,4.299
73302,tapetro,5.299,4.119
73294,tapetro,5.399,4.099
73284,tapetro,4.749,3.599
73282,tapetro,4.599,4.329
73276,tapetro,5.159,4.399
73259,tapetro,4.899,4.219
73245,tapetro,5.199,4.299
73243,tapetro,4.899,4.269
73231,tapetro,4.899,3.999
73227,tapetro,4.999,4.299
73221,tapetro,5.499,4.159
73215,tapetro,5.159,4.259
73192,tapetro,5.499,4.449
73183,tapetro,5.499,4.219
73179,tapetro,4.999,4.199
73177,tapetro,4.999,4.369
73174,tapetro,5.359,4.199
73172,tapetro,4.729,4.299
73162,tapetro,4.699,4.179
73158,tapetro,5.159,4.269
73131,tapetro,4.749,3.599
73129,tapetro,5.499,4.219
73127,tapetro,5.199,4.179
73123,tapetro,5.099,4.319
73121,tapetro,5.159,4.319
73110,tapetro,4.649,4.259
73108,tapetro,4.649,4.769
73105,tapetro,5.059,4.099
73103,tapetro,5.359,4.199
73101,tapetro,6.399,4.199
73097,tapetro,5.079,4.369
73095,tapetro,5.079,4.099
76552,loves,4.889,3.989
76550,loves,5.249,4.089
76548,loves,5.189,3.989
76546,loves,5.389,4.089
76544,loves,4.789,4.089
76540,loves,4.789,4.189
76534,loves,4.989,4.089
76528,loves,4.889,4.289
76526,loves,5.349,4.149
76524,loves,4.849,4.089
76518,loves,4.889,4.089
76514,loves,4.749,4.089
76510,loves,5.089,4.349
76504,loves,5.149,4.249
76502,loves,4.649,4.289
76498,loves,4.859,4.289
76494,loves,5.149,3.989
76488,loves,4.749,4.289
76484,loves,5.289,4.389
76474,loves,4.849,4.089
76468,loves,4.689,4.089
76462,loves,4.989,4.149
76456,loves,4.849,4.259
76452,loves,4.989,4.149
76450,loves,4.949,3.989
76448,loves,5.089,4.249
76446,loves,4.889,4.149
76444,loves,6.189,4.289
76438,loves,5.149,3.979
76430,loves,5.049,4.169
76428,loves,5.089,4.189
76426,loves,4.689,4.189
76424,loves,5.189,3.989
76420,loves,4.779,4.389
76410,loves,4.689,4.089
76408,loves,5.389,4.189
76406,loves,5.249,3.989
76404,loves,4.789,4.189
76400,loves,5.289,4.089
76398,loves,5.089,4.089
76396,loves,4.989,4.089
76392,loves,4.989,4.089
76390,loves,4.589,4.189
76384,loves,5.089,3.949
76382,loves,5.249,4.089
76380,loves,4.989,4.189
76378,loves,4.849,4.189
76374,loves,5.489,4.119
76370,loves,5.389,4.089
76368,loves,4.889,4.189
76366,loves,5.389,4.149
76364,loves,4.849,4.289
76362,loves,5.089,4.289
76360,loves,5.089,3.989
76354,loves,4.889,4.189
76352,loves,6.289,4.289
76348,loves,4.689,4.149
76344,loves,4.749,4.389
76342,loves,5.189,4.389
76338,loves,5.149,4.289
76336,loves,5.189,4.289
76334,loves,4.469,4.289
76324,loves,4.989,4.089
76320,loves,5.389,4.289
76316,loves,5.289,4.089
76314,loves,4.739,3.989
76310,loves,4.689,4.089
76304,loves,5.249,4.589
76302,loves,5.089,4.249
76300,loves,5.289,4.289
76296,loves,5.439,4.289
76292,loves,4.589,4.149
76290,loves,4.649,4.089
76288,loves,4.949,4.249
76286,loves,4.949,4.189
76281,loves,5.249,4.189
76275,loves,4.989,4.089
76271,loves,5.349,4.189
76269,loves,4.989,4.189
76263,loves,5.149,4.189
76259,loves,5.199,4.199
76253,loves,4.949,4.269
76249,loves,4.689,4.149
76247,loves,4.899,4.089
76245,loves,5.089,4.289
76243,loves,5.449,4.089
76237,loves,4.889,4.189
76235,loves,5.089,4.189
76231,loves,4.549,4.289
76226,loves,6.249,4.189
76224,loves,5.189,4.089
76222,loves,4.889,4.189
76220,loves,4.849,3.989
76214,loves,5.389,4.089
76212,loves,5.189,4.489
76210,loves,4.989,4.349
76207,loves,4.989,4.189
76205,loves,4.849,4.289
76199,loves,5.089,4.089
76197,loves,5.089,4.089
76195,loves,5.489,4.149
76191,loves,4.949,4.249
76189,loves,5.489,4.289
76187,loves,4.689,4.149
76183,loves,5.049,4.189
76179,loves,5.249,4.249
76175,loves,4.989,4.189
76171,loves,5.089,4.089
76169,loves,4.849,4.189
76167,loves,5.189,4.189
76160,loves,5.089,4.249
76155,loves,4.989,4.189
76151,loves,4.689,3.989
76149,loves,5.249,4.089
76147,loves,5.189,4.089
76145,loves,4.949,4.089
76143,loves,4.749,4.389
76141,loves,5.289,4.089
76137,loves,5.149,4.189
76133,loves,5.049,4.249
76131,loves,4.749,4.189
76127,loves,4.889,3.989
76125,loves,4.549,4.249
76121,loves,5.389,4.189
76111,loves,6.289,3.989
76109,loves,5.149,4.289
76105,loves,5.189,4.169
76101,loves,4.689,4.149
76099,loves,5.149,4.189
76097,loves,4.989,4.089
76093,loves,5.289,4.089
76089,loves,5.389,4.189
76087,loves,5.189,4.289
76085,loves,5.089,4.089
76083,loves,5.289,4.089
76081,loves,4.829,4.289
76077,loves,4.949,4.189
76066,loves,5.389,4.189
76059,loves,4.949,4.089
76056,loves,4.889,4.189
76054,loves,5.049,4.289
76050,loves,4.849,4.149
76046,loves,5.289,4.089
74423,loves,5.049,4.189
74421,loves,4.849,3.989
74419,loves,4.889,4.089
74417,loves,4.749,4.189
74415,loves,4.889,4.189
74413,loves,4.849,4.189
74411,loves,4.849,4.189
74409,loves,4.849,4.289
74407,loves,4.989,4.189
74405,loves,4.749,4.189
74403,loves,4.949,4.289
74401,loves,5.089,4.249
74399,loves,4.949,4.289
74397,loves,4.689,4.189
74395,loves,4.989,4.189
74393,loves,4.899,4.289
74391,loves,4.849,4.189
74389,loves,4.689,4.189
74387,loves,4.489,4.289
74385,loves,4.749,4.189
74383,loves,4.589,4.289
74381,loves,4.689,4.089
74379,loves,4.889,4.189
74377,loves,4.849,4.189
74375,loves,4.789,4.189
74373,loves,5.389,4.089
74371,loves,5.349,4.089
74369,loves,5.389,4.189
74367,loves,5.449,4.089
74365,loves,5.349,4.149
74363,loves,4.849,4.189
74361,loves,4.849,4.189
74359,loves,4.489,4.289
74357,loves,4.789,3.979
74355,loves,4.849,4.189
74353,loves,4.489,4.289
74351,loves,4.949,4.289
74349,loves,4.849,4.189
74347,loves,4.489,4.289
74345,loves,4.849,4.189
74343,loves,4.949,4.289
74341,loves,4.949,4.289
74339,loves,4.989,4.189
74337,loves,4.529,4.189
74335,loves,4.889,4.289
74333,loves,4.989,4.189
74331,loves,5.189,4.149
74329,loves,4.889,4.189
74327,loves,4.989,4.289
74325,loves,4.549,4.189
74323,loves,5.089,4.189
74321,loves,4.489,4.289
74319,loves,4.649,4.189
74317,loves,4.889,4.289
74315,loves,4.949,4.189
74313,loves,4.449,4.289
74311,loves,5.349,4.149
74309,loves,4.729,4.189
74305,loves,4.889,4.289
74303,loves,4.889,4.189
74301,loves,4.989,4.189
74299,loves,4.989,4.189
74297,loves,4.889,4.189
74295,loves,4.649,4.289
74293,loves,4.589,4.189
74291,loves,4.649,4.189
74289,loves,4.789,4.249
74287,loves,4.989,4.189
74285,loves,4.649,4.189
74283,loves,4.989,4.149
74281,loves,5.049,4.289
74279,loves,5.089,4.189
74277,loves,5.089,4.249
74275,loves,4.989,4.189
74273,loves,4.889,4.189
74271,loves,4.949,4.189
74269,loves,4.549,4.249
74267,loves,4.589,4.289
74265,loves,4.989,4.189
74263,loves,5.049,4.089
74261,loves,4.989,4.089
74259,loves,4.989,4.189
74257,loves,4.849,4.289
74255,loves,4.789,4.249
74253,loves,5.089,4.189
74251,loves,4.989,4.239
74249,loves,4.689,4.149
74247,loves,4.689,4.149
74245,loves,4.989,4.189
74243,loves,4.589,4.189
74241,loves,4.889,4.089
74239,loves,4.859,3.989
74237,loves,4.889,4.149
74235,loves,5.189,4.189
74233,loves,4.849,4.089
74231,loves,4.849,4.089
74229,loves,4.749,4.189
74227,loves,4.949,4.289
74225,loves,4.589,4.089
74223,loves,4.689,4.089
74221,loves,4.689,4.089
74219,loves,4.989,4.089
74217,loves,4.549,4.189
74215,loves,4.889,4.089
74213,loves,4.889,4.089
74211,loves,4.889,4.189
74209,loves,4.789,4.089
74207,loves,4.889,3.989
74205,loves,4.849,4.189
74201,loves,5.249,4.189
74199,loves,5.189,4.189
74197,loves,5.349,4.089
74195,loves,4.889,3.989
74193,loves,5.389,4.489
74191,loves,5.389,4.389
74189,loves,4.689,4.189
74187,loves,4.849,3.989
74185,loves,4.899,3.989
73885,loves,5.449,4.089
73883,loves,5.349,4.089
73879,loves,4.789,4.189
73877,loves,4.789,4.249
73874,loves,4.849,4.289
73868,loves,4.729,4.089
73854,loves,5.249,4.189
73851,loves,5.459,4.089
73849,loves,4.989,4.189
73839,loves,4.829,4.289
73835,loves,5.049,4.249
73827,loves,4.789,4.189
73823,loves,5.089,4.189
73821,loves,4.889,4.089
73819,loves,5.249,4.189
73811,loves,5.149,3.989
73809,loves,6.289,3.989
73807,loves,5.189,4.189
73803,loves,4.989,4.149
73801,loves,5.389,4.189
73795,loves,4.549,4.149
73793,loves,5.389,4.189
73791,loves,5.289,4.089
73789,loves,4.589,4.189
73783,loves,4.949,4.089
73781,loves,5.149,4.249
73775,loves,4.989,4.249
73773,loves,5.049,4.189
73771,loves,5.249,4.289
73769,loves,5.089,4.389
73767,loves,5.089,4.289
73765,loves,5.389,4.289
73761,loves,5.289,4.089
73759,loves,4.949,4.089
73757,loves,5.449,4.189
73753,loves,4.539,3.979
73749,loves,5.249,4.189
73747,loves,4.889,4.189
73745,loves,4.789,3.989
73737,loves,5.489,4.189
73735,loves,4.549,4.089
73728,loves,4.889,4.089
73724,loves,5.289,4.289
73722,loves,4.389,4.189
73720,loves,4.749,4.089
73711,loves,5.089,4.089
73709,loves,4.849,4.189
73705,loves,5.049,4.189
73703,loves,4.989,4.089
73701,loves,5.149,4.089
73691,loves,5.089,4.289
73685,loves,4.789,4.149
73683,loves,5.149,4.089
73681,loves,5.339,4.249
73677,loves,5.189,4.289
73675,loves,4.989,4.189
73671,loves,5.349,4.189
73669,loves,4.589,4.189
73667,loves,4.889,3.989
73665,loves,5.089,4.089
73663,loves,4.749,3.989
73659,loves,5.089,4.189
73657,loves,5.089,4.189
73653,loves,4.949,3.989
73651,loves,5.089,4.389
73647,loves,4.749,4.289
73645,loves,5.089,4.189
73643,loves,5.149,4.289
73639,loves,4.949,4.289
73637,loves,4.989,4.189
73635,loves,5.089,4.389
73633,loves,4.849,4.089
73625,loves,4.489,4.149
73623,loves,5.189,4.149
73621,loves,5.089,4.089
73613,loves,4.889,4.089
73611,loves,5.589,4.289
73609,loves,5.249,4.089
73607,loves,4.949,4.189
73602,loves,5.049,4.149
73598,loves,4.949,4.189
73596,loves,4.849,4.049
73594,loves,5.249,3.989
73592,loves,5.389,4.089
73586,loves,5.389,4.089
73584,loves,5.189,4.189
73582,loves,5.149,4.249
73576,loves,4.889,4.289
73574,loves,4.849,3.989
73572,loves,5.389,4.089
73570,loves,4.989,4.149
73568,loves,4.739,4.189
73564,loves,4.649,4.149
73562,loves,4.989,4.149
73560,loves,5.649,4.449
73558,loves,5.149,3.989
73556,loves,4.849,4.189
73554,loves,4.989,4.089
73552,loves,4.829,4.289
73538,loves,5.089,4.089
73536,loves,4.889,4.089
73531,loves,5.189,4.289
73528,loves,5.089,4.349
73526,loves,4.889,4.089
73522,loves,5.089,4.189
73518,loves,5.389,4.089
73514,loves,4.889,4.189
73512,loves,5.389,4.089
73506,loves,6.289,4.189
73504,loves,4.789,4.189
73496,loves,4.849,4.089
73488,loves,5.089,4.189
73473,loves,4.689,4.089
73469,loves,5.489,4.439
73465,loves,4.689,4.249
73463,loves,4.599,4.089
73446,loves,4.989,4.089
73444,loves,5.089,4.289
73442,loves,4.949,4.089
73436,loves,4.949,4.089
73434,loves,4.749,4.189
73432,loves,4.789,4.049
73430,loves,5.189,4.249
73428,loves,4.589,4.089
73426,loves,5.289,4.089
73421,loves,4.749,3.989
73419,loves,4.989,4.189
73415,loves,5.389,4.089
73411,loves,4.989,4.189
73409,loves,4.889,3.989
73407,loves,5.449,4.589
73405,loves,4.989,4.089
73397,loves,5.149,4.089
73395,loves,4.989,4.249
73393,loves,4.889,3.989
73391,loves,5.099,4.299
73389,loves,5.149,4.299
73387,loves,5.089,4.289
73385,loves,5.389,4.089
73373,loves,6.289,4.289
73371,loves,5.489,4.189
73367,loves,4.689,4.149
73365,loves,4.549,4.289
73363,loves,4.849,4.189
73361,loves,4.989,4.289
73357,loves,5.389,4.089
73355,loves,5.149,4.089
73353,loves,5.289,4.189
73351,loves,4.649,4.149
73349,loves,5.189,4.049
73347,loves,4.989,4.189
73345,loves,4.989,4.189
73343,loves,4.489,4.189
73341,loves,4.989,4.189
73335,loves,5.129,4.189
73329,loves,5.049,4.189
73325,loves,5.289,4.389
73320,loves,6.149,4.189
73318,loves,5.389,4.089
73314,loves,4.989,4.189
73310,loves,4.639,4.189
73308,loves,4.949,4.149
73300,loves,5.089,4.249
73298,loves,4.949,4.249
73296,loves,6.189,4.189
73292,loves,4.589,4.149
73290,loves,4.889,4.189
73288,loves,4.489,4.249
73286,loves,4.889,4.189
73278,loves,4.689,4.089
73274,loves,5.089,4.389
73272,loves,5.189,4.289
73270,loves,4.989,4.149
73268,loves,4.889,4.089
73266,loves,5.389,4.289
73261,loves,4.789,4.189
73257,loves,4.989,4.299
73254,loves,5.289,4.089
73252,loves,6.189,4.189
73250,loves,5.149,4.289
73248,loves,4.589,4.189
73241,loves,4.789,3.989
73239,loves,5.349,4.189
73237,loves,5.189,4.189
73235,loves,5.049,4.189
73233,loves,6.189,4.289
73229,loves,4.949,4.089
73225,loves,4.949,4.089
73223,loves,5.389,3.989
73219,loves,4.889,4.149
73213,loves,4.989,4.249
73211,loves,4.989,4.089
73208,loves,4.949,4.089
73206,loves,5.049,4.249
73204,loves,4.889,4.189
73202,loves,4.589,4.289
73199,loves,4.889,4.289
73196,loves,5.189,4.249
73194,loves,5.389,4.149
73190,loves,4.989,4.389
73187,loves,5.249,4.189
73185,loves,4.889,4.289
73181,loves,4.649,4.149
73170,loves,4.889,4.389
73168,loves,4.989,4.089
73166,loves,4.949,4.089
73164,loves,4.589,4.149
73160,loves,4.989,4.089
73156,loves,5.389,4.089
73152,loves,5.449,4.089
73150,loves,4.749,4.089
73148,loves,5.149,4.389
73146,loves,5.149,4.199
73144,loves,5.289,4.189
73142,loves,5.389,4.089
73140,loves,4.789,4.089
73138,loves,4.989,4.089
73136,loves,4.489,4.149
73133,loves,4.789,4.189
73125,loves,4.949,4.249
73119,loves,5.089,4.389
73117,loves,4.989,4.149
73115,loves,4.949,4.389
73113,loves,6.189,4.289
196,loves,4.989,4.089
188,loves,5.349,4.289
180,loves,4.749,4.149
176,loves,5.389,4.189
160,loves,4.649,4.189
158,loves,4.739,3.989
156,loves,5.189,4.189
153,loves,5.249,4.189
151,loves,5.249,4.249
141,loves,5.389,4.089
139,loves,4.989,3.989
138,loves,4.749,4.289
137,loves,4.889,4.289
124,loves,4.989,4.089
109,loves,6.249,4.189
107,loves,5.349,4.189
105,loves,4.789,4.249
92,loves,4.849,4.289
64,loves,4.589,4.289
62,loves,4.889,3.989
51,loves,5.389,4.189
39,loves,4.989,4.289
36,loves,5.489,3.989
11,loves,4.549,4.189
99741,pilotflyingj,4.599,3.999
99710,pilotflyingj,5.099,3.999
99364,pilotflyingj,5.899,3.999
99269,pilotflyingj,4.399,4.099
99210,pilotflyingj,4.259,4.199
98989,pilotflyingj,4.859,3.999
98845,pilotflyingj,5.449,3.999
98840,pilotflyingj,5.299,3.999
98800,pilotflyingj,5.159,3.999
98790,pilotflyingj,4.499,3.999
98654,pilotflyingj,4.459,4.099
98622,pilotflyingj,4.799,4.099
98101,pilotflyingj,4.699,3.999
97507,pilotflyingj,4.799,3.999
97489,pilotflyingj,4.999,3.999
97315,pilotflyingj,4.599,3.999
97288,pilotflyingj,4.559,3.999
97275,pilotflyingj,4.659,4.099
97273,pilotflyingj,4.489,3.999
97219,pilotflyingj,4.499,3.999
96548,pilotflyingj,4.199,3.999
96541,pilotflyingj,4.299,
96534,pilotflyingj,4.299,4.059
96526,pilotflyingj,4.159,3.999
96491,pilotflyingj,4.159,3.999
96426,pilotflyingj,4.259,
96402,pilotflyingj,4.259,3.999
96372,pilotflyingj,4.649,3.999
96355,pilotflyingj,4.399,4.199
96125,pilotflyingj,4.899,4.099
96000,pilotflyingj,4.799,4.099
95923,pilotflyingj,4.599,3.999
95921,pilotflyingj,4.499,3.999
92785,pilotflyingj,5.099,3.999
92784,pilotflyingj,4.699,
92783,pilotflyingj,4.799,
92782,pilotflyingj,4.539,
92778,pilotflyingj,4.699,4.099
92777,pilotflyingj,4.599,3.999
92775,pilotflyingj,4.899,3.999
92774,pilotflyingj,4.669,3.999
92773,pilotflyingj,4.539,3.999
92772,pilotflyingj,4.359,3.999
92771,pilotflyingj,4.579,
92770,pilotflyingj,4.599,3.999
92769,pilotflyingj,4.899,4.299
92635,pilotflyingj,4.499,3.999
92237,pilotflyingj,4.679,3.999
73785,pilotflyingj,4.579,
31003,pilotflyingj,5.199,3.999
10755,pilotflyingj,5.359,3.999
10754,pilotflyingj,4.889,3.989
10753,pilotflyingj,4.839,3.989
10752,pilotflyingj,4.779,3.989
10751,pilotflyingj,4.899,3.989
10750,pilotflyingj,4.889,3.989
10749,pilotflyingj,4.889,3.989
10748,pilotflyingj,4.889,3.989
10747,pilotflyingj,4.799,3.989
10746,pilotflyingj,4.889,3.989
10745,pilotflyingj,4.899,3.989
10744,pilotflyingj,4.899,3.989
10743,pilotflyingj,4.699,3.989
10742,pilotflyingj,4.849,3.989
10741,pilotflyingj,4.789,3.989
10740,pilotflyingj,4.889,3.989
10739,pilotflyingj,4.849,3.989
10738,pilotflyingj,4.849,3.989
10737,pilotflyingj,4.879,3.989
10736,pilotflyingj,4.759,4.159
10734,pilotflyingj,4.959,4.399
10733,pilotflyingj,4.859,4.099
10726,pilotflyingj,4.999,3.999
10725,pilotflyingj,5.359,4.099
10722,pilotflyingj,5.199,
10721,pilotflyingj,6.199,4.299
10720,pilotflyingj,6.199,4.299
10719,pilotflyingj,5.099,4.199
10718,pilotflyingj,4.899,4.299
10717,pilotflyingj,5.099,4.199
10704,pilotflyingj,5.399,4.099
10703,pilotflyingj,5.159,4.399
10701,pilotflyingj,4.799,3.999
10697,pilotflyingj,4.959,4.159
10678,pilotflyingj,5.399,4.199
10672,pilotflyingj,4.899,4.159
10671,pilotflyingj,4.959,4.299
10669,pilotflyingj,5.299,
10668,pilotflyingj,5.159,
10666,pilotflyingj,5.399,4.159
10665,pilotflyingj,5.399,4.159
10662,pilotflyingj,5.059,4.199
10660,pilotflyingj,4.659,3.999
10659,pilotflyingj,5.399,4.159
10658,pilotflyingj,4.699,3.999
10657,pilotflyingj,5.299,
10651,pilotflyingj,5.199,
10650,pilotflyingj,5.199,
10649,pilotflyingj,5.159,3.999
10648,pilotflyingj,4.899,
10646,pilotflyingj,4.899,3.999
10641,pilotflyingj,5.199,
10640,pilotflyingj,5.159,
10639,pilotflyingj,5.159,
10637,pilotflyingj,5.399,4.199
4332,pilotflyingj,5.099,4.299
4327,pilotflyingj,4.999,4.099
4318,pilotflyingj,4.999,4.199
4315,pilotflyingj,5.399,
4314,pilotflyingj,5.399,4.099
4310,pilotflyingj,5.199,4.159
4308,pilotflyingj,5.099,4.199
4300,pilotflyingj,4.599,4.159
4281,pilotflyingj,5.059,4.199
4279,pilotflyingj,5.199,4.199
4274,pilotflyingj,5.199,4.299
4269,pilotflyingj,5.299,4.599
4266,pilotflyingj,5.449,4.299
4261,pilotflyingj,5.259,4.199
4259,pilotflyingj,5.199,
4248,pilotflyingj,5.359,4.099
4247,pilotflyingj,4.899,4.099
4245,pilotflyingj,5.259,4.099
4242,pilotflyingj,5.159,4.099
4239,pilotflyingj,5.099,4.259
4230,pilotflyingj,6.199,4.299
4229,pilotflyingj,4.799,4.199
4217,pilotflyingj,5.399,4.159
4200,pilotflyingj,5.499,4.449
4198,pilotflyingj,4.759,4.159
4197,pilotflyingj,4.539,3.999
4196,pilotflyingj,5.359,4.199
4193,pilotflyingj,4.659,4.159
4188,pilotflyingj,5.399,4.099
4180,pilotflyingj,4.859,4.099
4154,pilotflyingj,4.899,4.399
4141,pilotflyingj,4.699,4.099
4130,pilotflyingj,4.799,4.059
4129,pilotflyingj,5.059,4.259
4126,pilotflyingj,4.899,4.099
4108,pilotflyingj,4.999,4.199
4105,pilotflyingj,5.459,4.099
4087,pilotflyingj,4.659,4.159
4062,pilotflyingj,6.199,4.399
4040,pilotflyingj,5.399,4.099
4036,pilotflyingj,4.499,4.299
4029,pilotflyingj,4.699,4.159
4025,pilotflyingj,4.899,4.099
4012,pilotflyingj,5.099,4.299
4011,pilotflyingj,5.299,4.099
4006,pilotflyingj,5.299,4.099
3999,pilotflyingj,4.559,4.299
3991,pilotflyingj,5.199,4.299
3980,pilotflyingj,4.999,4.099
3976,pilotflyingj,4.679,3.999
3975,pilotflyingj,5.399,4.099
3946,pilotflyingj,4.999,4.199
3941,pilotflyingj,5.099,4.259
3927,pilotflyingj,5.199,4.199
3918,pilotflyingj,5.599,4.459
3914,pilotflyingj,5.159,4.199
3909,pilotflyingj,4.559,4.259
3894,pilotflyingj,4.959,4.099
3893,pilotflyingj,4.899,4.299
3890,pilotflyingj,4.799,4.059
3876,pilotflyingj,4.859,4.159
3870,pilotflyingj,5.299,4.099
3867,pilotflyingj,4.999,4.159
3866,pilotflyingj,5.099,4.299
3863,pilotflyingj,5.199,4.199
3859,pilotflyingj,4.999,4.199
3836,pilotflyingj,4.749,
3829,pilotflyingj,5.099,4.259
3823,pilotflyingj,6.299,4.299
3807,pilotflyingj,4.749,4.199
3800,pilotflyingj,5.099,4.099
3767,pilotflyingj,6.399,4.299
3766,pilotflyingj,4.859,4.099
3765,pilotflyingj,5.399,4.099
3761,pilotflyingj,5.099,4.359
3756,pilotflyingj,4.699,4.099
3754,pilotflyingj,5.159,4.259
3751,pilotflyingj,5.359,4.099
3742,pilotflyingj,4.499,4.259
3737,pilotflyingj,4.699,4.259
3724,pilotflyingj,5.399,3.999
3711,pilotflyingj,5.259,4.359
3705,pilotflyingj,4.899,4.099
3697,pilotflyingj,5.359,4.199
3690,pilotflyingj,4.599,4.299
3689,pilotflyingj,5.359,4.199
3674,pilotflyingj,4.959,4.199
3673,pilotflyingj,4.859,4.099
3666,pilotflyingj,5.359,4.099
3654,pilotflyingj,4.699,4.159
3645,pilotflyingj,4.899,4.099
3643,pilotflyingj,5.199,4.499
3642,pilotflyingj,4.679,4.299
3640,pilotflyingj,5.359,4.299
3633,pilotflyingj,5.299,4.099
3630,pilotflyingj,4.999,4.099
3623,pilotflyingj,4.759,4.159
3619,pilotflyingj,5.399,4.099
3610,pilotflyingj,5.399,4.199
3603,pilotflyingj,5.099,4.299
3595,pilotflyingj,5.359,4.159
3591,pilotflyingj,4.559,4.299
3590,pilotflyingj,4.699,4.159
3586,pilotflyingj,5.099,4.399
3585,pilotflyingj,4.959,4.099
3583,pilotflyingj,4.999,4.159
3575,pilotflyingj,5.099,4.099
3572,pilotflyingj,5.299,4.399
3571,pilotflyingj,5.599,4.299
3569,pilotflyingj,4.999,4.259
3565,pilotflyingj,5.599,4.459
3564,pilotflyingj,5.399,4.399
3548,pilotflyingj,5.299,4.099
3545,pilotflyingj,4.599,4.199
3541,pilotflyingj,4.699,4.199
3540,pilotflyingj,5.199,4.299
3524,pilotflyingj,4.759,4.199
3513,pilotflyingj,5.099,4.199
3502,pilotflyingj,4.899,4.099
3498,pilotflyingj,5.199,4.499
3494,pilotflyingj,4.959,4.199
3489,pilotflyingj,6.159,4.299
3486,pilotflyingj,4.959,4.299
3484,pilotflyingj,4.999,4.199
3468,pilotflyingj,5.059,4.259
3458,pilotflyingj,4.959,4.099
3457,pilotflyingj,5.299,
3451,pilotflyingj,4.559,4.199
3444,pilotflyingj,4.859,4.199
3438,pilotflyingj,5.099,4.299
3437,pilotflyingj,5.199,4.099
3428,pilotflyingj,5.259,4.199
3427,pilotflyingj,4.559,4.299
3424,pilotflyingj,4.999,4.159
3423,pilotflyingj,4.499,4.259
3420,pilotflyingj,5.059,4.199
3418,pilotflyingj,4.999,4.199
3417,pilotflyingj,5.399,4.099
3406,pilotflyingj,5.399,4.299
3403,pilotflyingj,5.059,4.199
3401,pilotflyingj,5.299,4.099
3391,pilotflyingj,4.859,4.199
3384,pilotflyingj,4.999,4.199
3379,pilotflyingj,5.099,4.199
3377,pilotflyingj,4.599,4.199
3376,pilotflyingj,4.599,4.199
3370,pilotflyingj,4.759,3.999
3360,pilotflyingj,5.359,4.159
3349,pilotflyingj,5.459,4.199
3347,pilotflyingj,5.259,4.599
3332,pilotflyingj,5.199,3.999
3331,pilotflyingj,4.899,4.199
3324,pilotflyingj,4.859,4.199
3321,pilotflyingj,4.999,4.159
3317,pilotflyingj,5.059,4.099
3315,pilotflyingj,5.299,4.099
3313,pilotflyingj,4.859,4.099
3296,pilotflyingj,5.259,4.199
3271,pilotflyingj,5.399,
3270,pilotflyingj,5.159,4.259
3269,pilotflyingj,4.999,4.099
3261,pilotflyingj,4.999,4.399
3252,pilotflyingj,4.899,3.999
3247,pilotflyingj,4.599,4.199
3246,pilotflyingj,4.859,4.099
3230,pilotflyingj,5.399,4.099
3229,pilotflyingj,6.199,4.299
3226,pilotflyingj,4.699,4.099
3224,pilotflyingj,5.099,4.199
3219,pilotflyingj,6.299,4.399
3206,pilotflyingj,4.659,4.159
3194,pilotflyingj,6.159,4.299
3177,pilotflyingj,4.659,
3176,pilotflyingj,6.299,4.199
3173,pilotflyingj,5.099,4.099
3169,pilotflyingj,5.259,4.359
3166,pilotflyingj,4.999,
3158,pilotflyingj,4.959,4.099
3152,pilotflyingj,5.099,4.259
3143,pilotflyingj,4.999,4.159
3139,pilotflyingj,5.499,4.299
3124,pilotflyingj,5.299,4.299
3123,pilotflyingj,5.199,3.999
3120,pilotflyingj,5.159,4.099
3118,pilotflyingj,4.659,4.199
3117,pilotflyingj,4.559,4.199
3108,pilotflyingj,5.199,4.299
3102,pilotflyingj,4.899,4.299
3100,pilotflyingj,4.699,4.259
3096,pilotflyingj,5.099,4.099
3091,pilotflyingj,4.849,
3079,pilotflyingj,4.999,4.199
3069,pilotflyingj,5.099,4.099
3056,pilotflyingj,4.999,4.099
3053,pilotflyingj,5.199,4.259
3052,pilotflyingj,5.259,4.199
3049,pilotflyingj,4.899,4.199
3031,pilotflyingj,5.099,4.399
3025,pilotflyingj,4.959,4.299
3019,pilotflyingj,4.859,4.159
3017,pilotflyingj,4.959,4.199
2996,pilotflyingj,5.559,4.459
2988,pilotflyingj,5.259,4.199
2985,pilotflyingj,4.649,4.199
2981,pilotflyingj,5.399,4.159
2976,pilotflyingj,4.699,4.199
2972,pilotflyingj,5.399,4.099
2971,pilotflyingj,5.399,4.299
2960,pilotflyingj,4.859,4.199
2955,pilotflyingj,5.359,4.159
2954,pilotflyingj,5.499,4.159
2944,pilotflyingj,6.259,4.199
2942,pilotflyingj,5.399,4.099
2935,pilotflyingj,5.299,4.399
2918,pilotflyingj,4.859,4.199
2916,pilotflyingj,4.859,4.199
2914,pilotflyingj,5.359,4.199
2909,pilotflyingj,5.199,4.299
2908,pilotflyingj,5.059,4.199
2898,pilotflyingj,4.999,3.999
2889,pilotflyingj,4.759,4.399
2888,pilotflyingj,5.359,4.599
2871,pilotflyingj,4.899,4.199
2849,pilotflyingj,5.099,4.299
2837,pilotflyingj,5.159,
2829,pilotflyingj,5.799,4.359
2825,pilotflyingj,4.759,4.099
2819,pilotflyingj,5.259,4.299
2797,pilotflyingj,5.199,4.199
2787,pilotflyingj,4.999,4.199
2785,pilotflyingj,5.059,4.259
2784,pilotflyingj,4.799,4.199
2782,pilotflyingj,4.899,3.999
2780,pilotflyingj,5.099,4.099
2773,pilotflyingj,5.099,4.299
2770,pilotflyingj,5.099,4.199
2765,pilotflyingj,4.699,4.159
2764,pilotflyingj,4.699,4.199
2762,pilotflyingj,5.299,4.099
2761,pilotflyingj,4.999,4.099
2738,pilotflyingj,4.799,4.099
2737,pilotflyingj,4.959,4.099
2734,pilotflyingj,5.159,4.099
2728,pilotflyingj,4.999,4.199
2722,pilotflyingj,4.799,4.199
2721,pilotflyingj,4.959,
2708,pilotflyingj,4.899,4.199
2686,pilotflyingj,6.199,4.299
2685,pilotflyingj,4.599,4.199
2681,pilotflyingj,4.859,4.099
2673,pilotflyingj,5.459,4.159
2662,pilotflyingj,4.899,4.099
2660,pilotflyingj,4.999,4.359
2659,pilotflyingj,5.299,4.299
2656,pilotflyingj,4.999,4.199
2640,pilotflyingj,4.799,4.099
2628,pilotflyingj,4.999,4.199
2624,pilotflyingj,5.099,4.299
2615,pilotflyingj,5.099,4.299
2612,pilotflyingj,4.959,4.199
2608,pilotflyingj,4.859,4.299
2603,pilotflyingj,5.199,4.099
2591,pilotflyingj,4.959,4.199
2590,pilotflyingj,4.559,4.199
2573,pilotflyingj,4.859,4.099
2570,pilotflyingj,5.099,4.259
2569,pilotflyingj,5.299,4.099
2560,pilotflyingj,5.359,4.099
2557,pilotflyingj,4.999,4.099
2551,pilotflyingj,4.999,4.199
2540,pilotflyingj,4.699,4.159
2535,pilotflyingj,5.199,4.099
2534,pilotflyingj,5.399,4.159
2532,pilotflyingj,5.359,4.299
2530,pilotflyingj,4.889,
2527,pilotflyingj,5.199,4.299
2524,pilotflyingj,4.959,4.099
2516,pilotflyingj,4.599,4.199
2502,pilotflyingj,4.759,4.299
2497,pilotflyingj,5.199,3.999
2483,pilotflyingj,5.459,4.099
2479,pilotflyingj,4.559,4.199
2477,pilotflyingj,4.859,4.199
2471,pilotflyingj,4.999,4.199
2456,pilotflyingj,4.699,4.199
2442,pilotflyingj,4.899,4.099
2440,pilotflyingj,5.159,2.999
2426,pilotflyingj,4.559,4.099
2420,pilotflyingj,5.399,4.159
2415,pilotflyingj,5.399,4.199
2414,pilotflyingj,4.699,4.159
2409,pilotflyingj,5.199,3.999
2402,pilotflyingj,5.199,4.299
2389,pilotflyingj,5.399,4.199
2376,pilotflyingj,4.999,4.199
2370,pilotflyingj,4.859,4.199
2343,pilotflyingj,4.859,4.299
2342,pilotflyingj,5.099,3.999
2341,pilotflyingj,4.559,4.299
2323,pilotflyingj,5.299,4.099
2313,pilotflyingj,5.299,4.099
2311,pilotflyingj,5.199,4.499
2303,pilotflyingj,4.859,4.199
2302,pilotflyingj,4.959,4.099
2298,pilotflyingj,5.099,4.099
2297,pilotflyingj,5.059,4.099
2296,pilotflyingj,4.959,4.199
2290,pilotflyingj,6.199,4.299
2274,pilotflyingj,4.599,4.259
2270,pilotflyingj,5.099,4.299
2267,pilotflyingj,4.539,4.199
2232,pilotflyingj,5.299,4.159
2230,pilotflyingj,5.599,4.299
2226,pilotflyingj,5.199,4.159
2207,pilotflyingj,5.159,4.299
2200,pilotflyingj,5.299,4.159
2197,pilotflyingj,5.299,4.099
2190,pilotflyingj,5.199,4.399
2183,pilotflyingj,4.859,4.059
2176,pilotflyingj,4.899,4.199
2165,pilotflyingj,4.859,4.199
2151,pilotflyingj,5.099,4.399
2143,pilotflyingj,4.859,4.199
2140,pilotflyingj,4.999,4.199
2134,pilotflyingj,4.899,4.099
2124,pilotflyingj,4.559,4.199
2120,pilotflyingj,4.859,4.199
2117,pilotflyingj,4.959,4.099
2105,pilotflyingj,5.099,4.299
2098,pilotflyingj,5.499,4.599
2097,pilotflyingj,5.299,4.099
2092,pilotflyingj,4.999,4.299
2085,pilotflyingj,5.059,4.199
2080,pilotflyingj,4.799,4.199
2079,pilotflyingj,4.999,4.199
2077,pilotflyingj,5.099,4.299
2076,pilotflyingj,5.159,4.259
2069,pilotflyingj,5.059,4.259
2055,pilotflyingj,5.199,4.199
2051,pilotflyingj,5.199,4.159
2044,pilotflyingj,5.359,4.099
2042,pilotflyingj,4.699,4.299
2040,pilotflyingj,4.659,4.159
2038,pilotflyingj,5.499,4.299
2031,pilotflyingj,6.199,4.299
2030,pilotflyingj,4.859,4.199
2025,pilotflyingj,5.059,4.199
2018,pilotflyingj,5.459,4.099
2017,pilotflyingj,5.299,4.099
2001,pilotflyingj,4.859,4.199
1996,pilotflyingj,4.899,4.299
1985,pilotflyingj,4.599,4.299
1981,pilotflyingj,4.659,4.299
1973,pilotflyingj,4.699,4.099
1959,pilotflyingj,5.299,4.259
1950,pilotflyingj,5.099,4.099
1937,pilotflyingj,4.859,4.199
1934,pilotflyingj,6.299,4.299
1928,pilotflyingj,6.259,4.199
1914,pilotflyingj,4.599,4.199
1910,pilotflyingj,4.859,4.199
1907,pilotflyingj,4.999,4.199
1901,pilotflyingj,4.799,4.199
1897,pilotflyingj,6.159,4.199
1890,pilotflyingj,5.099,4.199
1886,pilotflyingj,5.399,4.199
1876,pilotflyingj,4.979,4.199
1865,pilotflyingj,5.099,4.099
1860,pilotflyingj,4.899,3.999
1855,pilotflyingj,5.099,3.999
1852,pilotflyingj,5.699,
1846,pilotflyingj,4.699,4.159
1844,pilotflyingj,5.059,4.199
1834,pilotflyingj,4.959,4.099
1823,pilotflyingj,4.959,4.399
1818,pilotflyingj,5.399,4.099
1812,pilotflyingj,5.099,4.199
1811,pilotflyingj,4.999,4.199
1810,pilotflyingj,4.999,4.099
1809,pilotflyingj,4.859,4.299
1805,pilotflyingj,5.159,4.299
1795,pilotflyingj,5.359,4.199
1784,pilotflyingj,4.959,4.199
1779,pilotflyingj,4.759,4.099
1774,pilotflyingj,4.759,4.159
1770,pilotflyingj,4.599,4.259
1762,pilotflyingj,6.299,4.399
1757,pilotflyingj,4.359,3.999
1741,pilotflyingj,5.259,4.299
1739,pilotflyingj,5.259,4.199
1720,pilotflyingj,5.199,3.999
1716,pilotflyingj,5.099,4.199
1715,pilotflyingj,5.259,4.299
1694,pilotflyingj,4.959,4.099
1687,pilotflyingj,4.759,4.199
1672,pilotflyingj,5.159,3.999
1652,pilotflyingj,5.059,4.199
1645,pilotflyingj,4.499,4.299
1642,pilotflyingj,4.999,4.199
1634,pilotflyingj,5.359,4.099
1633,pilotflyingj,5.199,4.199
1619,pilotflyingj,5.399,4.099
1616,pilotflyingj,5.299,4.099
1608,pilotflyingj,5.399,4.199
1599,pilotflyingj,5.259,4.099
1594,pilotflyingj,4.899,4.299
1593,pilotflyingj,4.899,3.999
1590,pilotflyingj,5.399,4.199
1582,pilotflyingj,4.999,4.099
1579,pilotflyingj,4.999,4.259
1576,pilotflyingj,5.059,4.099
1569,pilotflyingj,5.099,4.199
1566,pilotflyingj,4.859,4.159
1560,pilotflyingj,5.399,4.099
1552,pilotflyingj,5.099,4.199
1542,pilotflyingj,5.199,4.199
1541,pilotflyingj,4.999,4.099
1537,pilotflyingj,4.599,4.259
1535,pilotflyingj,5.359,4.199
1513,pilotflyingj,5.399,4.399
1510,pilotflyingj,4.959,4.099
1505,pilotflyingj,4.799,3.999
1494,pilotflyingj,5.399,4.199
1484,pilotflyingj,5.299,4.099
1480,pilotflyingj,4.459,4.099
1474,pilotflyingj,5.099,4.099
1472,pilotflyingj,4.899,4.159
1470,pilotflyingj,5.059,4.199
1469,pilotflyingj,4.859,4.199
1462,pilotflyingj,5.359,4.199
1449,pilotflyingj,4.959,4.159
1437,pilotflyingj,5.159,4.299
1429,pilotflyingj,6.299,4.199
1418,pilotflyingj,4.499,4.199
1414,pilotflyingj,5.299,4.099
1408,pilotflyingj,4.559,4.099
1406,pilotflyingj,4.959,4.099
1385,pilotflyingj,6.199,4.399
1377,pilotflyingj,4.899,4.099
1371,pilotflyingj,5.059,4.199
1364,pilotflyingj,4.799,4.199
1362,pilotflyingj,5.399,4.099
1359,pilotflyingj,5.499,
1358,pilotflyingj,5.099,4.199
1354,pilotflyingj,5.199,4.299
1351,pilotflyingj,4.659,4.099
1346,pilotflyingj,4.959,4.259
1333,pilotflyingj,4.599,4.199
1327,pilotflyingj,5.199,4.359
1314,pilotflyingj,5.459,4.199
1308,pilotflyingj,4.759,4.159
1300,pilotflyingj,5.599,4.299
1296,pilotflyingj,4.859,4.299
1294,pilotflyingj,5.399,4.099
1286,pilotflyingj,5.399,4.099
1283,pilotflyingj,4.859,4.099
1281,pilotflyingj,4.959,4.159
1280,pilotflyingj,5.159,4.259
1269,pilotflyingj,4.859,4.159
1265,pilotflyingj,4.799,4.299
1259,pilotflyingj,5.159,4.299
1258,pilotflyingj,4.759,4.299
1255,pilotflyingj,5.059,4.259
1248,pilotflyingj,4.999,4.199
1246,pilotflyingj,5.399,4.099
1241,pilotflyingj,4.999,4.359
1240,pilotflyingj,6.199,4.299
1239,pilotflyingj,5.299,4.199
1229,pilotflyingj,5.099,4.199
1209,pilotflyingj,4.899,4.099
1200,pilotflyingj,4.959,4.199
1198,pilotflyingj,5.399,4.199
1195,pilotflyingj,4.599,4.259
1183,pilotflyingj,4.999,4.199
1177,pilotflyingj,4.899,4.099
1176,pilotflyingj,5.059,4.099
1174,pilotflyingj,4.759,4.099
1164,pilotflyingj,4.999,4.199
1160,pilotflyingj,5.099,4.399
1150,pilotflyingj,5.359,4.199
1149,pilotflyingj,4.899,4.099
1142,pilotflyingj,5.359,4.199
1128,pilotflyingj,5.599,4.459
1122,pilotflyingj,4.959,4.299
1116,pilotflyingj,5.059,4.159
1106,pilotflyingj,5.259,4.199
1091,pilotflyingj,4.999,4.159
1075,pilotflyingj,4.999,4.199
1068,pilotflyingj,4.999,4.099
1064,pilotflyingj,4.539,3.999
1056,pilotflyingj,5.099,4.399
1053,pilotflyingj,5.499,
1049,pilotflyingj,4.859,4.099
1041,pilotflyingj,5.099,4.099
1040,pilotflyingj,5.299,4.199
1035,pilotflyingj,4.899,4.299
1034,pilotflyingj,5.399,4.199
1022,pilotflyingj,4.759,4.199
1017,pilotflyingj,4.959,4.099
999,pilotflyingj,5.399,4.099
993,pilotflyingj,4.759,4.099
978,pilotflyingj,4.559,4.299
973,pilotflyingj,4.899,4.099
968,pilotflyingj,5.159,4.299
966,pilotflyingj,5.259,4.299
964,pilotflyingj,4.759,4.199
953,pilotflyingj,4.999,4.199
950,pilotflyingj,5.259,4.199
943,pilotflyingj,5.059,4.199
940,pilotflyingj,4.859,4.059
939,pilotflyingj,5.099,4.199
917,pilotflyingj,6.379,4.299
911,pilotflyingj,4.499,4.199
908,pilotflyingj,6.199,4.299
898,pilotflyingj,5.099,4.099
897,pilotflyingj,4.959,4.099
895,pilotflyingj,5.099,4.099
888,pilotflyingj,4.899,4.099
885,pilotflyingj,4.859,4.099
883,pilotflyingj,4.559,4.299
879,pilotflyingj,4.799,4.299
864,pilotflyingj,5.359,4.199
858,pilotflyingj,6.299,4.299
854,pilotflyingj,5.399,4.199
852,pilotflyingj,4.859,4.199
832,pilotflyingj,4.859,4.199
829,pilotflyingj,5.399,4.499
828,pilotflyingj,6.299,4.299
821,pilotflyingj,4.999,4.199
818,pilotflyingj,4.959,4.159
804,pilotflyingj,5.159,4.099
782,pilotflyingj,5.299,4.099
780,pilotflyingj,4.959,4.099
772,pilotflyingj,5.559,4.459
765,pilotflyingj,4.899,4.199
759,pilotflyingj,4.859,4.299
756,pilotflyingj,4.759,4.199
754,pilotflyingj,4.999,4.199
746,pilotflyingj,4.999,4.199
737,pilotflyingj,6.199,4.299
731,pilotflyingj,4.999,4.199
729,pilotflyingj,5.499,4.299
727,pilotflyingj,4.899,4.099
718,pilotflyingj,5.359,4.199
713,pilotflyingj,5.499,
707,pilotflyingj,4.459,4.299
697,pilotflyingj,5.059,4.199
696,pilotflyingj,4.899,4.099
693,pilotflyingj,4.859,4.299
685,pilotflyingj,5.199,4.399
676,pilotflyingj,4.699,4.199
671,pilotflyingj,4.899,4.099
669,pilotflyingj,5.059,4.199
661,pilotflyingj,5.099,4.299
660,pilotflyingj,4.859,4.299
650,pilotflyingj,5.199,3.999
634,pilotflyingj,5.199,4.299
625,pilotflyingj,5.259,4.599
617,pilotflyingj,4.999,4.159
609,pilotflyingj,5.199,3.999
607,pilotflyingj,4.859,4.199
595,pilotflyingj,4.999,4.099
593,pilotflyingj,5.059,4.159
584,pilotflyingj,5.399,4.099
581,pilotflyingj,6.299,4.299
570,pilotflyingj,4.959,4.299
566,pilotflyingj,5.099,3.999
565,pilotflyingj,5.199,4.359
564,pilotflyingj,4.799,4.199
560,pilotflyingj,4.899,4.299
528,pilotflyingj,5.159,4.099
527,pilotflyingj,4.799,4.199
502,pilotflyingj,4.999,4.099
491,pilotflyingj,4.899,4.199
488,pilotflyingj,4.699,4.099
486,pilotflyingj,4.799,4.099
481,pilotflyingj,5.359,4.299
472,pilotflyingj,4.699,4.099
463,pilotflyingj,4.999,4.099
450,pilotflyingj,5.499,4.449
445,pilotflyingj,5.099,4.359
432,pilotflyingj,5.159,4.399
430,pilotflyingj,6.199,4.299
408,pilotflyingj,5.199,4.199
405,pilotflyingj,5.099,4.199
393,pilotflyingj,5.159,4.099
391,pilotflyingj,5.359,4.099
381,pilotflyingj,4.799,4.099
380,pilotflyingj,4.959,4.259
370,pilotflyingj,5.299,4.099
362,pilotflyingj,4.759,4.099
359,pilotflyingj,4.399,4.099
349,pilotflyingj,5.399,4.199
343,pilotflyingj,5.359,4.199
342,pilotflyingj,5.199,4.199
335,pilotflyingj,6.699,4.359
308,pilotflyingj,4.959,4.259
305,pilotflyingj,5.059,4.159
296,pilotflyingj,4.859,4.099
295,pilotflyingj,4.479,4.299
290,pilotflyingj,5.299,4.199
283,pilotflyingj,4.559,4.259
281,pilotflyingj,4.759,4.199
267,pilotflyingj,5.199,4.299
255,pilotflyingj,5.159,4.099
254,pilotflyingj,4.859,4.199
245,pilotflyingj,4.859,4.259
238,pilotflyingj,5.459,4.199
237,pilotflyingj,4.999,4.099
236,pilotflyingj,4.999,4.199
226,pilotflyingj,5.499,4.299
210,pilotflyingj,5.099,4.199
208,pilotflyingj,5.499,
203,pilotflyingj,5.199,4.099
201,pilotflyingj,5.099,3.999
193,pilotflyingj,4.659,4.199
191,pilotflyingj,5.199,4.199
183,pilotflyingj,4.999,3.999
170,pilotflyingj,4.459,4.299
169,pilotflyingj,4.999,4.259
162,pilotflyingj,5.099,4.099
145,pilotflyingj,5.299,4.399
117,pilotflyingj,5.399,4.199
116,pilotflyingj,5.099,4.099
114,pilotflyingj,4.859,4.299
111,pilotflyingj,5.299,4.199
108,pilotflyingj,5.099,4.099
86,pilotflyingj,5.299,4.199
83,pilotflyingj,5.099,4.199
75,pilotflyingj,5.159,4.099
65,pilotflyingj,5.259,4.199
57,pilotflyingj,5.159,4.259
50,pilotflyingj,5.299,4.299
37,pilotflyingj,4.999,4.199
34,pilotflyingj,4.999,4.099
33,pilotflyingj,5.059,4.159
32,pilotflyingj,5.059,4.199
30,pilotflyingj,5.099,4.299
28,pilotflyingj,4.899,4.199
24,pilotflyingj,4.599,4.199
15,pilotflyingj,5.299,4.199
12,pilotflyingj,4.599,3.999
9,pilotflyingj,5.199,4.159
7,pilotflyingj,5.399,4.299
92221,kwiktrip,4.459,3.989
92220,kwiktrip,4.539,4.089
92218,kwiktrip,4.699,3.989
92173,kwiktrip,4.739,4.089
92171,kwiktrip,4.499,3.949
92170,kwiktrip,4.969,
92169,kwiktrip,4.899,
92168,kwiktrip,4.999,
92167,kwiktrip,4.839,3.989
92166,kwiktrip,3.989,3.989
92165,kwiktrip,3.989,3.989
92164,kwiktrip,4.749,3.989
92163,kwiktrip,4.799,
92162,kwiktrip,4.899,3.989
92160,kwiktrip,4.919,3.999
92159,kwiktrip,4.749,4.099
92157,kwiktrip,4.699,
92156,kwiktrip,4.859,
92155,kwiktrip,4.459,3.989
92154,kwiktrip,4.559,
92153,kwiktrip,4.699,3.989
92152,kwiktrip,4.699,3.989
92151,kwiktrip,4.549,3.899
92150,kwiktrip,4.859,3.889
92149,kwiktrip,4.749,
92148,kwiktrip,4.769,
92141,kwiktrip,4.699,3.949
92140,kwiktrip,4.799,3.989
92138,kwiktrip,4.699,3.899
92133,kwiktrip,4.679,3.949
92130,kwiktrip,4.749,3.989
92129,kwiktrip,4.699,
92128,kwiktrip,4.649,3.849
92127,kwiktrip,5.099,3.989
92126,kwiktrip,4.739,4.089
92125,kwiktrip,4.539,4.089
92124,kwiktrip,4.699,3.959
92123,kwiktrip,4.649,3.999
92122,kwiktrip,4.699,3.949
92121,kwiktrip,4.839,3.989
92120,kwiktrip,4.699,3.989
92118,kwiktrip,4.699,
92117,kwiktrip,4.649,3.849
92116,kwiktrip,4.699,
92115,kwiktrip,4.769,3.989
92114,kwiktrip,4.859,3.889
92113,kwiktrip,4.799,3.989
92112,kwiktrip,4.739,4.089
92111,kwiktrip,4.559,3.989
92110,kwiktrip,4.289,3.989
92109,kwiktrip,5.259,4.119
92108,kwiktrip,4.499,
92107,kwiktrip,4.629,
92105,kwiktrip,4.899,
92104,kwiktrip,4.769,3.989
92103,kwiktrip,4.699,
92102,kwiktrip,4.699,
92101,kwiktrip,4.699,
92100,kwiktrip,4.499,
92099,kwiktrip,4.799,
92098,kwiktrip,4.699,
92097,kwiktrip,4.799,
92096,kwiktrip,4.739,
92095,kwiktrip,4.749,3.989
92094,kwiktrip,5.019,4.189
92093,kwiktrip,4.899,
92092,kwiktrip,5.049,3.959
92091,kwiktrip,4.559,
92090,kwiktrip,4.399,3.989
92089,kwiktrip,4.599,4.089
92088,kwiktrip,4.699,3.989
92087,kwiktrip,5.139,4.189
92086,kwiktrip,4.249,3.599
92085,kwiktrip,4.799,4.099
92083,kwiktrip,4.899,3.989
92082,kwiktrip,4.399,
92081,kwiktrip,3.989,3.989
92080,kwiktrip,4.699,
92079,kwiktrip,4.899,
92078,kwiktrip,4.699,3.989
92077,kwiktrip,4.999,3.989
92076,kwiktrip,4.749,3.989
92075,kwiktrip,4.749,
92074,kwiktrip,4.749,3.989
92073,kwiktrip,5.019,4.189
92072,kwiktrip,4.749,
92071,kwiktrip,4.539,4.089
92070,kwiktrip,4.699,
92069,kwiktrip,5.139,4.189
92068,kwiktrip,4.799,3.989
92067,kwiktrip,4.739,4.089
92066,kwiktrip,4.899,4.099
92065,kwiktrip,4.579,3.989
92064,kwiktrip,4.649,3.989
92063,kwiktrip,4.699,3.989
92062,kwiktrip,4.699,3.989
92061,kwiktrip,3.989,
92060,kwiktrip,4.539,4.089
92059,kwiktrip,4.799,3.989
92058,kwiktrip,4.899,3.999
92057,kwiktrip,4.799,
92056,kwiktrip,4.249,3.599
92055,kwiktrip,4.739,3.989
92054,kwiktrip,4.699,3.989
92053,kwiktrip,4.749,3.979
92052,kwiktrip,4.729,
92051,kwiktrip,4.839,
92050,kwiktrip,4.689,3.989
92049,kwiktrip,4.999,4.119
92048,kwiktrip,4.799,3.989
92047,kwiktrip,4.699,3.989
92046,kwiktrip,4.579,3.989
92045,kwiktrip,4.999,
92044,kwiktrip,4.799,3.989
92043,kwiktrip,4.729,
92042,kwiktrip,5.149,3.959
92041,kwiktrip,4.699,3.989
92039,kwiktrip,4.759,3.989
92038,kwiktrip,4.859,3.889
92037,kwiktrip,4.499,
92036,kwiktrip,4.699,
92035,kwiktrip,4.699,3.989
92034,kwiktrip,4.919,
92033,kwiktrip,4.459,
92032,kwiktrip,4.799,
92031,kwiktrip,4.699,3.989
92030,kwiktrip,4.599,3.989
92029,kwiktrip,4.799,
92028,kwiktrip,4.599,
92027,kwiktrip,4.879,3.949
92026,kwiktrip,4.599,0.0
92025,kwiktrip,4.989,
92024,kwiktrip,3.989,3.989
92023,kwiktrip,4.999,
92022,kwiktrip,4.449,3.989
92020,kwiktrip,4.249,3.989
92019,kwiktrip,4.599,3.989
92018,kwiktrip,4.799,3.989
92017,kwiktrip,4.449,3.989
92016,kwiktrip,4.699,3.989
92015,kwiktrip,4.749,4.099
92014,kwiktrip,5.189,3.959
92013,kwiktrip,5.099,3.989
92012,kwiktrip,4.699,3.989
92011,kwiktrip,4.499,3.989
92010,kwiktrip,4.799,3.989
92009,kwiktrip,4.799,3.989
92008,kwiktrip,5.099,
92007,kwiktrip,5.099,3.989
92006,kwiktrip,5.099,3.989
92005,kwiktrip,4.739,4.089
92004,kwiktrip,4.699,4.089
92003,kwiktrip,4.699,3.989
92002,kwiktrip,4.699,
92001,kwiktrip,4.699,3.989
92000,kwiktrip,4.699,3.989
91999,kwiktrip,5.099,3.989
91998,kwiktrip,4.849,4.099
91997,kwiktrip,4.599,3.989
91996,kwiktrip,4.789,4.089
91995,kwiktrip,4.699,3.989
91994,kwiktrip,4.899,
91993,kwiktrip,4.799,3.989
91992,kwiktrip,4.599,4.089
91991,kwiktrip,4.539,4.089
91990,kwiktrip,4.889,
91989,kwiktrip,4.799,
91988,kwiktrip,4.539,4.089
91987,kwiktrip,4.999,3.989
91986,kwiktrip,4.499,3.899
91985,kwiktrip,5.099,3.989
91984,kwiktrip,4.699,3.989
91983,kwiktrip,4.699,3.989
91982,kwiktrip,4.799,3.989
91981,kwiktrip,4.249,3.599
91980,kwiktrip,5.099,
91979,kwiktrip,5.099,3.989
91978,kwiktrip,4.539,4.089
91977,kwiktrip,5.099,3.989
91976,kwiktrip,4.149,3.989
91975,kwiktrip,4.699,3.989
91974,kwiktrip,4.739,4.089
91973,kwiktrip,4.779,3.419
91972,kwiktrip,5.099,3.989
91971,kwiktrip,4.799,3.419
91969,kwiktrip,4.699,3.989
91968,kwiktrip,4.699,3.989
91967,kwiktrip,4.699,3.989
91966,kwiktrip,4.699,3.989
91965,kwiktrip,4.699,3.989
91964,kwiktrip,5.089,3.959
91963,kwiktrip,4.539,3.799
91962,kwiktrip,4.499,3.989
91961,kwiktrip,4.699,4.099
91960,kwiktrip,4.699,3.989
91959,kwiktrip,4.399,4.099
91958,kwiktrip,4.699,4.089
91957,kwiktrip,4.899,3.989
91956,kwiktrip,4.999,4.089
91954,kwiktrip,4.699,3.989
91953,kwiktrip,4.659,4.089
91952,kwiktrip,4.539,3.999
91951,kwiktrip,4.699,3.799
91950,kwiktrip,4.649,3.999
91949,kwiktrip,4.649,3.949
91948,kwiktrip,4.649,
91947,kwiktrip,4.999,
91946,kwiktrip,4.659,4.089
91945,kwiktrip,4.659,4.089
91944,kwiktrip,4.799,
91943,kwiktrip,4.599,3.899
91942,kwiktrip,4.599,3.889
91941,kwiktrip,4.999,
91940,kwiktrip,4.659,4.089
91939,kwiktrip,4.689,
91938,kwiktrip,4.649,3.999
91937,kwiktrip,4.899,3.949
91936,kwiktrip,4.659,4.089
91935,kwiktrip,4.549,3.389
91934,kwiktrip,4.699,4.089
91933,kwiktrip,4.759,
91932,kwiktrip,4.599,3.889
91931,kwiktrip,4.849,
91930,kwiktrip,4.489,3.949
91929,kwiktrip,4.699,3.989
91928,kwiktrip,4.699,3.799
91927,kwiktrip,4.569,3.899
91926,kwiktrip,4.599,3.999
91925,kwiktrip,4.899,3.999
91924,kwiktrip,4.539,3.999
91923,kwiktrip,4.679,3.949
91922,kwiktrip,4.489,3.949
91921,kwiktrip,4.699,3.799
75775,sappbros,4.899,4.389
28402,sappbros,5.089,4.389
28401,sappbros,5.099,4.099
28400,sappbros,4.799,4.389
28399,sappbros,5.399,4.299
28398,sappbros,4.999,4.099
28397,sappbros,4.749,4.189
28396,sappbros,4.999,4.159
28395,sappbros,4.889,4.089
28394,sappbros,4.899,4.099
28393,sappbros,4.979,4.099
28392,sappbros,4.959,4.099
28391,sappbros,4.799,4.199
28390,sappbros,4.899,4.089
28389,sappbros,5.089,4.399
26304,sappbros,5.039,4.289
23795,sappbros,5.089,4.189
31057,roadranger,5.059,
31056,roadranger,4.949,
31055,roadranger,4.589,
31053,roadranger,5.289,
31052,roadranger,4.999,
31051,roadranger,4.899,
31050,roadranger,4.989,
31049,roadranger,4.499,
31048,roadranger,4.989,
31047,roadranger,4.789,
31046,roadranger,4.849,
31045,roadranger,4.759,
31044,roadranger,4.799,
31043,roadranger,5.149,
31042,roadranger,5.089,
31041,roadranger,4.789,
31040,roadranger,5.439,
31039,roadranger,5.439,
31038,roadranger,5.439,
31037,roadranger,5.099,
31036,roadranger,5.289,
31035,roadranger,5.099,
31034,roadranger,4.999,
31033,roadranger,5.149,
31032,roadranger,4.999,
31031,roadranger,5.399,
31029,roadranger,5.359,
31028,roadranger,5.099,
31027,roadranger,5.199,
31026,roadranger,5.199,
31025,roadranger,5.099,
31024,roadranger,5.239,
31023,roadranger,4.889,
31022,roadranger,5.299,
31021,roadranger,5.359,
31019,roadranger,5.399,
31018,roadranger,5.299,
31017,roadranger,5.399,
31016,roadranger,5.399,
30991,roadranger,5.189,
99771,,6.30,
99770,,6.90,
99769,,6.84,
99768,,5.94,
99767,,6.00,
99766,,5.02,
99765,,5.05,
99764,,4.52,
99762,,5.05,
99761,,4.90,
99759,,4.86,
99757,,4.76,
99755,,5.60,
99752,,5.51,
99750,,5.00,
99721,,4.60,
99718,,5.00,
99711,,5.40,
99709,,5.16,
99706,,5.08,
99700,,4.70,
99693,,4.80,
99692,,4.70,
99684,,4.70,
99683,,4.70,
99682,,4.80,
99681,,4.60,
99673,,4.39,
99669,,5.20,
99668,,4.90,
99663,,5.00,
99648,,4.80,
99642,,4.30,
99639,,4.60,
99638,,4.76,
99636,,4.75,
99634,,4.65,
99630,,4.70,
99629,,4.75,
99625,,4.75,
99624,,4.80,
99622,,4.60,
99616,,4.70,
99612,,4.90,
99611,,4.85,
99610,,4.70,
99605,,4.70,
99600,,5.00,
99597,,4.00,
99595,,4.30,
99593,,4.00,
99591,,4.70,
99589,,4.30,
99572,,4.65,
99570,,4.70,
99566,,4.60,
99565,,4.76,
99558,,4.80,
99557,,4.70,
99556,,4.80,
99552,,4.90,
99550,,4.50,
99549,,4.77,
99547,,4.80,
99545,,4.77,
99542,,4.90,
99541,,4.70,
99534,,4.50,
99531,,4.80,
99529,,4.80,
99521,,4.75,
99520,,4.80,
99512,,4.80,
99510,,4.68,
99509,,4.60,
99507,,4.70,
99503,,4.20,
99501,,4.76,
99499,,5.00,
99491,,4.93,
99488,,4.80,
99480,,4.32,
99476,,4.60,
99473,,4.60,
99469,,4.80,
99468,,4.30,
99456,,4.96,
99451,,4.80,
99450,,5.10,
99449,,4.70,
99448,,4.89,
99446,,4.70,
99445,,4.60,
99443,,4.60,
99441,,4.70,
99439,,4.20,
99432,,4.60,
99425,,4.80,
99424,,4.50,
99423,,5.00,
99421,,4.44,
99420,,4.90,
99414,,4.62,
99409,,4.90,
99406,,4.61,
99403,,4.80,
99401,,4.51,
99387,,4.60,
99385,,5.00,
99379,,4.92,
99376,,6.80,
99375,,6.40,
99374,,6.80,
99372,,6.00,
99371,,6.00,
99367,,5.90,
99366,,6.00,
99363,,6.56,
99360,,5.86,
99354,,6.60,
99350,,6.49,
99349,,6.50,
99346,,5.40,
99343,,4.70,
99341,,4.55,
99334,,4.65,
99333,,4.60,
99331,,4.40,
99330,,4.60,
99329,,4.50,
99328,,4.62,
99327,,5.10,
99321,,4.71,
99318,,4.90,
99312,,4.66,
99311,,4.70,
99305,,4.70,
99300,,4.80,
99298,,4.60,
99296,,4.60,
99294,,4.60,
99291,,4.50,
99286,,4.80,
99281,,4.60,
99279,,4.78,
99276,,4.90,
99274,,4.58,
99272,,4.60,
99271,,4.40,
99266,,4.36,
99265,,4.40,
99263,,4.40,
99262,,4.45,
99260,,4.60,
99258,,4.40,
99246,,4.30,
99245,,4.57,
99244,,4.36,
99243,,4.46,
99242,,4.60,
99238,,4.30,
99236,,4.80,
99235,,4.30,
99234,,4.70,
99228,,5.00,
99224,,4.80,
99222,,4.50,
99216,,5.00,
99214,,4.40,
99213,,4.30,
99211,,4.35,
99209,,4.40,
99207,,4.27,
99184,,4.66,
99176,,4.60,
99172,,4.50,
99170,,4.90,
99166,,4.30,
99162,,4.50,
99160,,4.56,
99149,,4.70,
99145,,4.50,
99140,,4.40,
99139,,5.10,
99136,,4.70,
99135,,4.50,
99127,,4.70,
99116,,4.30,
99107,,4.60,
99105,,4.90,
99102,,4.80,
99099,,4.60,
99095,,4.70,
99092,,4.45,
99091,,4.40,
99076,,4.42,
99069,,4.70,
99066,,4.90,
99061,,4.75,
99058,,4.60,
99057,,4.46,
99056,,4.43,
99052,,4.43,
99047,,5.00,
99036,,4.60,
99028,,4.50,
99025,,4.90,
99019,,5.00,
99018,,4.60,
99015,,4.80,
99012,,5.29,
99001,,4.90,
98998,,4.90,
98992,,5.00,
98988,,4.90,
98986,,4.90,
98978,,4.82,
98971,,4.80,
98968,,4.90,
98966,,5.10,
98964,,4.90,
98957,,4.80,
98956,,4.56,
98955,,5.06,
98951,,4.90,
98949,,4.75,
98945,,4.80,
98940,,4.90,
98936,,5.10,
98935,,4.80,
98933,,4.76,
98931,,4.90,
98930,,5.10,
98928,,4.90,
98927,,5.29,
98923,,5.15,
98922,,4.80,
98919,,5.00,
98918,,4.90,
98917,,4.88,
98913,,4.94,
98910,,5.00,
98906,,5.00,
98905,,5.20,
98901,,5.00,
98892,,4.85,
98891,,4.90,
98888,,4.85,
98887,,4.70,
98886,,5.10,
98885,,5.00,
98883,,5.30,
98874,,4.88,
98868,,5.20,
98865,,5.10,
98863,,5.00,
98855,,5.30,
98854,,5.35,
98850,,5.38,
98849,,5.20,
98844,,4.00,
98841,,5.10,
98839,,5.20,
98836,,4.82,
98835,,4.80,
98832,,5.00,
98827,,5.00,
98825,,5.30,
98824,,5.30,
98823,,4.90,
98821,,4.90,
98820,,5.05,
98819,,5.00,
98818,,5.05,
98817,,5.00,
98815,,5.20,
98813,,5.10,
98805,,5.36,
98802,,5.46,
98797,,5.70,
98793,,4.90,
98791,,4.64,
98788,,4.56,
98786,,4.90,
98785,,4.56,
98784,,4.53,
98783,,4.60,
98780,,4.80,
98771,,4.89,
98770,,4.90,
98769,,4.75,
98767,,4.90,
98764,,5.40,
98761,,4.90,
98758,,4.66,
98757,,4.90,
98756,,4.30,
98754,,4.79,
98753,,4.80,
98751,,4.50,
98748,,4.74,
98746,,4.78,
98743,,4.90,
98742,,4.90,
98740,,4.50,
98739,,4.50,
98738,,5.00,
98737,,4.60,
98732,,4.60,
98729,,4.30,
98728,,4.50,
98726,,4.50,
98724,,4.86,
98723,,4.80,
98719,,4.80,
98716,,4.80,
98714,,5.00,
98702,,4.70,
98699,,4.80,
98697,,4.80,
98694,,4.70,
98693,,4.30,
98691,,4.76,
98689,,4.70,
98688,,4.70,
98683,,4.30,
98679,,4.50,
98678,,4.30,
98676,,4.90,
98672,,4.73,
98670,,4.95,
98669,,4.80,
98668,,4.80,
98667,,4.90,
98666,,5.00,
98663,,4.90,
98661,,4.80,
98660,,4.50,
98657,,4.90,
98653,,4.90,
98652,,4.50,
98629,,4.70,
98627,,4.50,
98626,,4.46,
98625,,4.40,
98618,,4.67,
98617,,4.60,
98616,,4.60,
98612,,4.83,
98610,,4.46,
98608,,4.50,
98606,,4.80,
98602,,5.05,
98600,,5.00,
98599,,5.20,
98597,,4.75,
98596,,4.95,
98594,,4.95,
98592,,4.59,
98591,,5.25,
98590,,4.59,
98589,,5.30,
98588,,4.50,
98581,,4.76,
98580,,4.76,
98578,,4.86,
98566,,4.95,
98563,,4.79,
98560,,4.70,
98559,,4.76,
98555,,4.68,
98554,,5.02,
98552,,4.70,
98548,,4.60,
98543,,5.30,
98542,,4.50,
98541,,5.00,
98540,,5.10,
98539,,5.00,
98537,,5.00,
98536,,4.50,
98531,,5.45,
98528,,5.10,
98527,,5.40,
98524,,5.30,
98518,,5.30,
98517,,5.30,
98516,,5.30,
98513,,5.30,
98510,,5.35,
98508,,4.50,
98506,,4.90,
98505,,5.30,
98504,,5.30,
98503,,5.20,
98501,,4.50,
98498,,5.26,
98491,,4.50,
98490,,4.50,
98489,,5.30,
98488,,5.34,
98487,,5.30,
98486,,5.00,
98485,,5.10,
98483,,5.00,
98480,,5.00,
98472,,4.90,
98464,,5.10,
98458,,5.30,
98454,,5.20,
98451,,5.25,
98449,,4.90,
98442,,4.50,
98441,,5.30,
98437,,4.50,
98433,,4.50,
98431,,4.50,
98429,,4.50,
98423,,4.50,
98422,,4.90,
98421,,5.20,
98417,,4.50,
98416,,4.50,
98411,,5.29,
98410,,4.50,
98406,,4.50,
98404,,5.30,
98398,,5.10,
98390,,5.10,
98387,,5.10,
98381,,4.50,
98380,,4.10,
98377,,4.40,
98374,,4.66,
98372,,4.70,
98371,,4.50,
98370,,5.20,
98369,,4.36,
98368,,4.50,
98367,,4.42,
98365,,4.58,
98364,,4.16,
98363,,4.80,
98362,,4.44,
98361,,4.50,
98360,,4.60,
98359,,4.50,
98357,,4.70,
98356,,4.46,
98353,,4.60,
98351,,4.70,
98349,,4.30,
98346,,4.40,
98344,,4.80,
98343,,4.42,
98331,,4.45,
98327,,4.80,
98322,,5.25,
98321,,4.76,
98320,,4.69,
98319,,4.50,
98318,,4.75,
98313,,4.80,
98311,,4.90,
98307,,4.94,
98306,,5.40,
98305,,4.80,
98300,,5.45,
98299,,4.85,
98297,,4.91,
98295,,4.85,
98294,,4.84,
98293,,4.84,
98292,,4.59,
98291,,4.89,
98290,,5.00,
98289,,4.95,
98287,,4.72,
98285,,4.70,
98283,,5.00,
98268,,4.86,
98267,,4.80,
98266,,4.80,
98263,,5.00,
98261,,4.70,
98258,,4.77,
98256,,4.50,
98255,,4.50,
98254,,4.49,
98248,,4.50,
98247,,4.70,
98245,,4.65,
98243,,4.64,
98242,,4.66,
98241,,4.80,
98237,,4.60,
98227,,4.80,
98225,,4.95,
98222,,4.60,
98214,,4.39,
98212,,4.50,
98208,,4.40,
98207,,4.30,
98206,,4.50,
98194,,4.57,
98193,,4.79,
98192,,4.86,
98189,,4.66,
98187,,5.30,
98179,,5.00,
98166,,4.75,
98164,,4.70,
98154,,4.68,
98152,,4.60,
98151,,4.60,
98150,,4.60,
98149,,4.80,
98144,,4.65,
98143,,4.70,
98142,,4.86,
98138,,4.50,
98137,,4.69,
98133,,4.90,
98132,,4.80,
98130,,4.50,
98125,,4.59,
98123,,5.00,
98121,,4.40,
98120,,4.60,
98113,,4.70,
98112,,4.40,
98106,,4.60,
98105,,4.70,
98103,,4.70,
98102,,4.76,
98100,,4.60,
98097,,4.50,
98096,,4.60,
98094,,4.55,
98091,,4.30,
98089,,4.56,
98086,,4.60,
98084,,4.56,
98082,,4.60,
98078,,4.50,
98075,,4.60,
98069,,4.48,
98068,,4.58,
98066,,4.60,
98065,,4.55,
98064,,4.70,
98062,,4.50,
98056,,4.70,
98055,,4.57,
98052,,4.66,
98050,,4.50,
98048,,5.10,
98047,,4.87,
98046,,5.00,
98045,,4.90,
98043,,4.86,
98039,,4.65,
98038,,4.70,
98035,,4.73,
98033,,4.70,
98032,,4.70,
98030,,4.88,
98029,,4.88,
98028,,4.55,
98027,,4.80,
98023,,5.06,
98019,,4.95,
98018,,4.64,
98016,,5.00,
98013,,5.00,
98009,,4.62,
98007,,4.52,
98005,,4.40,
98004,,4.90,
98002,,4.95,
98001,,4.50,
97996,,4.92,
97990,,4.48,
97985,,5.10,
97982,,5.00,
97975,,5.10,
97972,,4.80,
97969,,4.90,
97968,,4.80,
97967,,4.90,
97963,,5.40,
97960,,5.10,
97958,,5.40,
97956,,5.30,
97947,,6.00,
97943,,5.16,
97941,,5.50,
97940,,5.40,
97937,,5.40,
97936,,5.10,
97928,,5.80,
97923,,5.40,
97921,,5.40,
97920,,5.10,
97918,,5.15,
97907,,5.20,
97906,,5.00,
97904,,5.40,
97901,,5.30,
97898,,5.39,
97897,,5.40,
97896,,5.50,
97895,,5.29,
97894,,5.49,
97891,,5.20,
97890,,5.20,
97889,,5.10,
97886,,5.30,
97885,,4.70,
97882,,5.40,
97877,,5.20,
97876,,5.30,
97873,,5.18,
97872,,4.80,
97871,,4.49,
97859,,4.66,
97858,,4.60,
97854,,4.50,
97851,,4.80,
97848,,4.58,
97844,,5.30,
97839,,5.20,
97837,,5.00,
97826,,5.10,
97821,,4.95,
97820,,5.26,
97819,,5.28,
97814,,4.90,
97809,,5.40,
97808,,4.96,
97806,,4.90,
97796,,4.80,
97795,,5.20,
97788,,5.20,
97783,,5.35,
97781,,5.30,
97778,,5.56,
97777,,5.20,
97776,,4.92,
97775,,5.30,
97770,,5.20,
97769,,5.70,
97760,,4.94,
97759,,5.00,
97755,,5.40,
97753,,4.56,
97740,,4.74,
97738,,4.90,
97721,,4.90,
97717,,5.08,
97713,,5.16,
97711,,4.56,
97709,,4.87,
97708,,4.80,
97706,,4.40,
97705,,5.00,
97703,,4.40,
97701,,4.55,
97699,,4.55,
97697,,4.65,
97695,,4.65,
97694,,4.75,
97692,,4.75,
97691,,4.92,
97690,,4.75,
97687,,4.70,
97678,,5.10,
97664,,5.20,
97663,,4.90,
97660,,5.20,
97651,,5.10,
97647,,5.20,
97646,,5.10,
97645,,5.20,
97643,,5.20,
97641,,5.06,
97640,,5.10,
97626,,4.75,
97625,,4.90,
97619,,4.80,
97618,,4.69,
97615,,4.69,
97612,,4.60,
97608,,4.66,
97607,,4.40,
97604,,5.15,
97600,,4.80,
97594,,4.70,
97589,,5.10,
97585,,4.50,
97582,,5.00,
97581,,4.50,
97578,,4.71,
97576,,4.54,
97571,,4.70,
97568,,4.80,
97565,,5.00,
97564,,4.86,
97562,,4.70,
97560,,4.68,
97556,,4.90,
97555,,4.80,
97549,,4.70,
97547,,4.76,
97546,,4.70,
97545,,4.65,
97543,,4.46,
97542,,4.48,
97539,,4.55,
97536,,4.57,
97532,,4.60,
97526,,4.65,
97524,,4.67,
97522,,4.30,
97519,,4.69,
97516,,4.90,
97515,,5.40,
97514,,5.10,
97513,,5.21,
97504,,4.96,
97498,,5.50,
97495,,4.90,
97494,,4.76,
97493,,4.69,
97490,,4.71,
97486,,5.12,
97485,,4.80,
97473,,5.20,
97472,,5.00,
97471,,5.00,
97468,,4.88,
97467,,4.90,
97464,,5.20,
97459,,5.10,
97453,,4.90,
97450,,5.10,
97446,,5.40,
97445,,5.10,
97444,,4.80,
97443,,4.90,
97441,,5.05,
97436,,4.65,
97435,,4.96,
97433,,4.30,
97432,,4.65,
97430,,4.76,
97421,,4.90,
97420,,4.95,
97419,,4.70,
97416,,4.70,
97412,,4.69,
97411,,4.75,
97406,,5.00,
97401,,5.05,
97394,,4.80,
97393,,4.80,
97392,,4.76,
97390,,4.82,
97388,,4.70,
97387,,4.50,
97386,,4.61,
97385,,4.57,
97384,,4.62,
97382,,4.75,
97381,,4.65,
97380,,4.70,
97379,,4.80,
97378,,4.73,
97370,,4.76,
97367,,4.55,
97364,,4.70,
97363,,4.50,
97358,,4.65,
97357,,4.45,
97349,,4.46,
97334,,4.65,
97320,,4.80,
97319,,4.70,
97313,,4.69,
97310,,4.61,
97297,,4.90,
97296,,4.70,
97295,,4.60,
97291,,4.60,
97290,,4.50,
97285,,4.90,
97280,,4.80,
97271,,4.60,
97270,,4.70,
97267,,4.90,
97266,,4.46,
97262,,4.90,
97259,,4.76,
97256,,4.64,
97255,,4.50,
97250,,4.38,
97249,,4.50,
97247,,4.40,
97245,,4.68,
97244,,4.47,
97243,,4.40,
97241,,4.60,
97239,,4.60,
97226,,4.50,
97224,,4.68,
97223,,4.65,
97222,,4.60,
97216,,4.60,
97215,,4.50,
97214,,4.60,
97213,,4.50,
97209,,4.60,
97202,,4.80,
97201,,4.80,
97196,,4.60,
97190,,4.68,
97187,,4.80,
97185,,4.70,
97184,,4.70,
97181,,4.90,
97180,,4.66,
97171,,4.90,
97170,,4.66,
97169,,4.66,
97168,,5.00,
97164,,4.65,
97158,,4.69,
97152,,4.86,
97143,,4.70,
97142,,4.78,
97131,,4.70,
97129,,4.10,
97126,,4.65,
97125,,4.68,
97124,,4.79,
97123,,4.65,
97120,,4.60,
97117,,4.30,
97115,,4.50,
97114,,4.30,
97112,,4.53,
97100,,4.70,
97099,,4.66,
97094,,4.80,
97091,,4.70,
97090,,4.70,
97089,,4.90,
97088,,4.50,
97087,,4.59,
97086,,4.30,
97079,,4.60,
97070,,4.40,
97066,,4.50,
97061,,4.61,
97059,,4.51,
97055,,4.94,
97048,,4.56,
97047,,4.50,
97043,,4.70,
97041,,4.66,
97040,,4.60,
97039,,4.66,
97036,,4.73,
97030,,4.90,
97028,,4.90,
97014,,4.80,
97006,,4.30,
97003,,4.40,
96999,,4.80,
96997,,4.80,
96992,,4.45,
96989,,4.60,
96988,,4.50,
96987,,4.90,
96984,,4.55,
96982,,4.60,
96979,,4.50,
96978,,4.60,
96977,,4.60,
96971,,4.24,
96967,,4.60,
96960,,4.60,
96954,,4.80,
96951,,4.50,
96945,,5.10,
96944,,5.10,
96942,,5.00,
96940,,5.20,
96938,,5.00,
96927,,4.40,
96923,,4.90,
96920,,5.00,
96915,,5.00,
96914,,4.60,
96902,,5.30,
96901,,5.20,
96896,,5.01,
96895,,4.65,
96894,,4.55,
96893,,4.50,
96888,,4.36,
96885,,4.30,
96876,,5.00,
96873,,4.70,
96870,,4.40,
96869,,4.45,
96863,,4.28,
96859,,4.23,
96854,,4.20,
96841,,4.40,
96835,,4.45,
96829,,4.60,
96824,,4.40,
96820,,4.30,
96815,,4.50,
96812,,4.50,
96808,,4.40,
96807,,4.44,
96803,,4.70,
96799,,4.46,
96792,,4.50,
96785,,4.40,
96783,,4.27,
96782,,4.50,
96779,,4.50,
96777,,4.60,
96774,,4.75,
96761,,4.40,
96758,,4.35,
96756,,4.30,
96747,,4.44,
96739,,4.50,
96736,,4.34,
96733,,4.40,
96732,,4.60,
96724,,4.36,
96720,,4.50,
96716,,4.50,
96715,,4.40,
96713,,4.34,
96712,,4.20,
96705,,4.60,
96702,,4.40,
96700,,4.70,
96698,,4.40,
96695,,4.70,
96690,,4.90,
96688,,4.80,
96687,,4.90,
96677,,4.60,
96666,,4.40,
96665,,4.50,
96662,,4.50,
96654,,4.60,
96650,,4.50,
96647,,4.60,
96645,,4.20,
96644,,4.30,
96641,,4.30,
96640,,4.39,
96636,,4.20,
96633,,4.80,
96630,,4.70,
96627,,4.40,
96624,,4.40,
96620,,4.28,
96608,,4.40,
96599,,4.30,
96597,,4.48,
96589,,4.60,
96587,,4.40,
96576,,4.10,
96574,,4.10,
96573,,4.20,
96569,,4.60,
96562,,4.48,
96547,,4.46,
96540,,4.30,
96538,,4.29,
96537,,4.30,
96535,,4.70,
96532,,4.60,
96530,,5.00,
96529,,4.70,
96525,,4.34,
96521,,4.60,
96518,,4.40,
96516,,4.16,
96514,,4.50,
96507,,4.57,
96505,,4.80,
96504,,4.40,
96503,,4.60,
96502,,4.50,
96499,,4.24,
96494,,4.30,
96493,,4.31,
96488,,4.70,
96480,,4.60,
96475,,4.50,
96466,,4.66,
96465,,4.80,
96464,,4.80,
96448,,4.70,
96446,,4.80,
96445,,4.28,
96430,,4.70,
96424,,4.43,
96422,,4.90,
96416,,4.80,
96412,,5.00,
96409,,5.00,
96406,,4.90,
96405,,4.90,
96399,,4.68,
96398,,4.30,
96397,,4.48,
96393,,4.60,
96392,,4.30,
96391,,4.30,
96386,,4.40,
96385,,4.40,
96377,,4.30,
96366,,4.15,
96365,,4.30,
96364,,4.38,
96360,,4.76,
96358,,4.60,
96357,,4.76,
96356,,4.59,
96354,,4.11,
96352,,4.35,
96346,,4.90,
96340,,4.60,
96338,,4.28,
96326,,4.70,
96321,,4.36,
96317,,5.00,
96313,,4.66,
96305,,4.47,
96287,,4.67,
96286,,4.80,
96284,,4.78,
96282,,4.96,
96277,,4.46,
96274,,4.60,
96268,,4.80,
96267,,4.80,
96259,,4.60,
96254,,4.36,
96253,,5.20,
96233,,4.58,
96228,,5.00,
96226,,5.09,
96205,,4.76,
96203,,5.00,
96202,,4.76,
96201,,5.30,
96200,,4.50,
96197,,4.33,
96196,,4.50,
96192,,4.25,
96189,,4.65,
96188,,4.80,
96187,,4.80,
96185,,4.69,
96184,,4.80,
96182,,4.80,
96180,,4.80,
96178,,4.23,
96175,,4.80,
96173,,4.70,
96172,,4.70,
96162,,4.80,
96157,,4.79,
96151,,4.83,
96149,,4.70,
96144,,4.90,
96143,,4.99,
96141,,5.06,
96138,,4.54,
96136,,4.80,
96130,,4.80,
96127,,4.50,
96119,,4.95,
96103,,4.86,
96096,,4.88,
96094,,5.20,
96091,,4.84,
96090,,4.80,
96087,,4.60,
96085,,4.75,
96084,,4.90,
96081,,4.70,
96076,,4.90,
96072,,4.78,
96069,,5.00,
96063,,4.90,
96061,,4.95,
96059,,4.85,
96058,,5.00,
96055,,4.90,
96044,,4.75,
96039,,4.60,
96038,,4.95,
96035,,5.00,
96034,,5.00,
96032,,4.83,
96029,,4.90,
96022,,4.76,
96020,,5.00,
96016,,5.00,
96014,,4.90,
96013,,4.66,
96006,,4.66,
96001,,4.76,
95993,,4.66,
95988,,5.30,
95985,,5.16,
95984,,4.80,
95977,,4.66,
95976,,4.83,
95974,,5.09,
95970,,4.90,
95969,,5.05,
95968,,5.30,
95967,,4.80,
95964,,4.80,
95963,,5.50,
95961,,4.90,
95960,,4.90,
95958,,4.96,
95953,,4.86,
95952,,5.20,
95950,,5.68,
95947,,5.30,
95946,,5.30,
95939,,5.50,
95938,,5.50,
95935,,5.34,
95931,,4.93,
95930,,5.80,
95927,,4.74,
95916,,4.90,
95910,,5.50,
95907,,4.80,
95906,,5.50,
95903,,5.02,
95897,,4.90,
95892,,4.82,
95884,,5.26,
94758,,4.70,
94755,,4.85,
94753,,4.79,
94751,,6.10,
94748,,7.00,
94747,,6.60,
94746,,5.55,
94745,,6.30,
94744,,4.66,
93198,,4.40,
93196,,4.80,
93195,,4.80,
93181,,4.81,
93176,,4.85,
93175,,4.85,
93172,,4.53,
93163,,5.00,
93160,,4.95,
93154,,4.70,
93139,,5.00,
93137,,4.90,
93136,,4.80,
93134,,4.55,
93133,,4.36,
93132,,4.60,
93131,,5.00,
93130,,5.00,
93129,,5.10,
93128,,5.27,
93127,,5.30,
93124,,4.89,
93123,,4.92,
93121,,4.90,
93120,,4.66,
93119,,4.96,
93118,,5.16,
93117,,5.26,
93116,,4.90,
93115,,5.40,
93114,,5.00,
93112,,5.10,
93111,,5.30,
93110,,5.10,
93109,,5.28,
93108,,5.10,
93107,,5.16,
93106,,5.24,
93104,,5.40,
93103,,5.40,
93102,,5.25,
93100,,5.38,
93099,,5.20,
93098,,5.39,
93096,,5.10,
93095,,4.40,
93094,,4.68,
93093,,5.20,
93092,,5.20,
93091,,4.64,
93089,,5.00,
93088,,4.69,
93086,,4.70,
93085,,4.80,
93084,,4.60,
93083,,5.19,
93082,,4.96,
93080,,5.30,
93079,,5.20,
93078,,5.30,
93077,,5.20,
93076,,5.16,
93075,,5.37,
93074,,4.90,
93073,,4.63,
93072,,4.40,
93071,,4.56,
93070,,4.36,
93069,,4.35,
93068,,4.35,
93067,,4.55,
93066,,4.34,
93065,,4.36,
93063,,4.50,
93062,,4.30,
93061,,4.60,
93060,,5.10,
93059,,5.25,
93058,,4.87,
93057,,5.00,
93056,,5.12,
93054,,4.80,
93053,,4.95,
93052,,5.10,
93051,,4.66,
93050,,5.06,
93049,,5.30,
93047,,5.30,
93046,,4.40,
93045,,4.50,
93044,,5.00,
93042,,4.42,
93041,,4.94,
93039,,4.70,
93038,,4.64,
93037,,4.89,
93036,,4.56,
93035,,4.28,
93034,,4.24,
93033,,4.90,
93032,,4.62,
93030,,4.22,
93028,,4.50,
93027,,4.19,
93025,,4.58,
93024,,4.40,
93023,,4.20,
93021,,4.90,
93020,,4.40,
93019,,4.50,
93018,,4.50,
93017,,4.46,
93016,,4.50,
93015,,4.45,
93014,,4.40,
93013,,4.70,
93012,,4.30,
93011,,4.30,
93010,,4.40,
93009,,4.36,
93007,,4.33,
93006,,4.36,
93005,,4.86,
93004,,4.70,
93003,,5.00,
93002,,5.00,
93001,,5.00,
93000,,5.00,
92999,,5.30,
92998,,5.10,
92997,,5.06,
92996,,5.10,
92995,,5.19,
92994,,5.10,
92993,,5.20,
92992,,4.70,
92991,,4.45,
92990,,5.27,
92987,,5.30,
92985,,5.20,
92984,,4.96,
92983,,4.66,
92982,,5.00,
92980,,4.83,
92979,,5.20,
92977,,5.10,
92976,,4.69,
92975,,5.20,
92973,,4.90,
92970,,4.70,
92969,,4.50,
92968,,4.70,
92967,,4.57,
92966,,4.99,
92965,,4.50,
92964,,4.65,
92963,,5.20,
92962,,4.50,
92959,,4.49,
92958,,5.16,
92955,,5.10,
92954,,4.80,
92953,,4.50,
92952,,5.00,
92951,,4.99,
92949,,4.90,
92948,,4.83,
92947,,5.10,
92946,,5.20,
92945,,5.30,
92944,,5.26,
92942,,4.80,
92941,,5.06,
92940,,5.20,
92938,,5.12,
92937,,4.54,
92936,,4.75,
92935,,4.70,
92934,,4.70,
92933,,5.05,
92932,,5.30,
92931,,5.20,
92929,,5.20,
92928,,5.20,
92925,,5.30,
92923,,4.20,
92921,,5.03,
92920,,5.06,
92919,,5.10,
92918,,5.20,
92917,,5.16,
92916,,5.15,
92915,,5.40,
92914,,5.23,
92913,,5.70,
92911,,5.26,
92910,,5.96,
92909,,5.26,
92908,,4.82,
92907,,4.99,
92906,,4.90,
92905,,4.40,
92903,,5.10,
92902,,4.94,
92901,,4.95,
92895,,5.30,
92892,,4.86,
92889,,4.50,
92887,,4.50,
92880,,4.45,
92875,,5.30,
92872,,4.60,
92870,,5.00,
92866,,5.30,
92851,,4.94,
92843,,4.72,
92836,,5.15,
92827,,4.85,
92821,,4.91,
92816,,4.90,
92814,,4.50,
92781,,5.20,
92780,,4.19,
92758,,4.96,
92757,,4.30,
92749,,5.18,
92748,,5.12,
92746,,4.76,
92743,,4.76,
92742,,4.66,
92740,,4.86,
92739,,4.86,
92737,,4.52,
92736,,4.80,
92735,,4.70,
92734,,4.76,
92733,,4.80,
92724,,4.96,
92717,,4.70,
92716,,5.08,
92711,,4.70,
92710,,4.98,
92708,,4.65,
92707,,4.86,
92706,,4.90,
92702,,4.60,
92689,,5.20,
92688,,5.20,
92677,,6.29,
92668,,5.00,
92653,,4.96,
92645,,5.00,
92639,,4.70,
92636,,5.00,
92632,,4.96,
92631,,4.80,
92608,,5.16,
92605,,4.48,
92604,,4.70,
92596,,5.26,
92595,,4.19,
92594,,4.56,
92593,,4.63,
92577,,4.90,
92573,,6.26,
92569,,4.49,
92567,,4.28,
92566,,4.76,
92565,,4.40,
92563,,4.49,
92552,,5.28,
92550,,5.10,
92544,,4.35,
92540,,4.90,
92528,,4.70,
92526,,4.70,
92517,,5.16,
92503,,5.40,
92463,,4.30,
92462,,4.90,
92262,,4.95,
92260,,4.95,
92253,,4.80,
92252,,5.24,
92251,,5.40,
92250,,4.63,
92249,,5.20,
92248,,4.74,
92247,,4.75,
92246,,4.75,
92245,,5.20,
92242,,5.20,
92239,,4.40,
92233,,4.60,
92211,,5.36,
92210,,4.94,
92204,,5.30,
92200,,5.20,
31074,,4.30,
31073,,4.67,
31072,,4.63,
31071,,5.19,
31070,,4.76,
31069,,4.73,
31068,,4.67,
31067,,4.73,
31066,,4.34,
31064,,4.80,
31063,,4.90,
31060,,4.70,
31010,,4.60,
31009,,4.80,
27879,,4.66,
27878,,4.70,
27877,,4.30,
27876,,4.66,
27875,,4.30,
27873,,4.20,
27871,,4.20,
27870,,4.30,
27869,,4.20,
27867,,4.26,
27866,,4.36,
27865,,4.60,
27862,,4.45,
27861,,4.30,
27860,,4.50,
27859,,4.36,
27857,,4.60,
27856,,4.16,
27855,,4.68,
27854,,4.66,
27853,,4.40,
27852,,4.30,
27851,,4.80,
27849,,4.66,
27846,,4.60,
27842,,4.66,
27841,,4.30,
27840,,4.16,
27839,,4.60,
27837,,4.50,
27835,,4.30,
27834,,4.30,
27833,,4.50,
27832,,4.54,
27831,,4.50,
27830,,4.26,
27829,,4.20,
27824,,4.50,
27822,,4.30,
27821,,4.40,
27820,,4.40,
27818,,4.30,
27817,,4.60,
27816,,4.54,
27814,,4.40,
99749,,5.00,
99746,,4.54,
99723,,5.40,
99511,,4.55,
99345,,5.15,
99340,,4.90,
99338,,4.70,
99337,,4.60,
99326,,5.50,
99322,,4.65,
99319,,4.62,
99316,,5.10,
99310,,4.80,
99301,,4.60,
99299,,4.50,
99297,,4.60,
99293,,4.60,
99292,,4.40,
99290,,4.60,
99287,,4.25,
99284,,4.26,
99280,,4.50,
99270,,4.60,
99264,,4.60,
99247,,4.76,
99237,,4.50,
99221,,4.71,
99220,,4.71,
99217,,4.60,
99215,,4.30,
99212,,4.70,
99198,,5.20,
99189,,5.20,
99187,,5.08,
99181,,4.66,
99180,,4.50,
99179,,4.50,
99178,,4.43,
99177,,5.00,
99175,,5.00,
99174,,4.54,
99168,,4.54,
99163,,4.58,
99158,,4.70,
99157,,4.70,
99156,,4.70,
99154,,4.80,
99152,,4.60,
99150,,4.65,
99148,,4.40,
99147,,4.80,
99144,,4.58,
99137,,4.56,
99132,,4.56,
99129,,4.60,
99128,,4.60,
99126,,4.50,
99124,,4.70,
99122,,4.80,
99120,,4.60,
99118,,4.50,
99115,,4.80,
99112,,4.60,
99109,,4.70,
99106,,4.50,
99103,,4.70,
99101,,4.60,
99098,,4.00,
99097,,4.43,
99096,,4.39,
99094,,4.90,
99087,,4.70,
99086,,4.70,
99085,,4.50,
99084,,4.50,
99083,,4.60,
99082,,4.50,
99080,,4.60,
99079,,4.60,
99078,,4.70,
99075,,4.50,
99071,,4.50,
99070,,4.70,
99067,,4.50,
99060,,4.60,
99055,,4.85,
99054,,4.30,
99053,,4.41,
99042,,4.90,
99041,,4.64,
99039,,4.40,
99038,,4.16,
99037,,4.60,
99034,,4.70,
99032,,5.00,
99027,,4.80,
99024,,4.80,
99011,,5.36,
99010,,4.90,
99009,,5.20,
99003,,4.80,
99000,,5.24,
98997,,4.90,
98996,,5.30,
98987,,4.90,
98985,,5.00,
98982,,4.80,
98981,,4.60,
98979,,5.00,
98975,,4.90,
98972,,4.90,
98963,,4.90,
98961,,4.90,
98946,,4.78,
98944,,4.80,
98938,,4.90,
98929,,4.99,
98921,,5.00,
98915,,4.29,
98911,,5.03,
98908,,5.55,
98907,,4.95,
98902,,5.00,
98897,,5.40,
98896,,5.30,
98880,,5.14,
98879,,4.96,
98876,,5.13,
98869,,5.10,
98864,,5.12,
98862,,5.20,
98861,,5.30,
98860,,5.30,
98859,,4.84,
98851,,5.20,
98846,,5.61,
98842,,5.20,
98838,,4.80,
98833,,5.00,
98830,,5.20,
98829,,4.99,
98826,,5.40,
98816,,5.15,
98812,,5.10,
98806,,5.00,
98801,,5.30,
98796,,5.30,
98794,,5.00,
98792,,5.10,
98781,,4.94,
98773,,4.70,
98768,,4.74,
98752,,4.78,
98750,,4.78,
98744,,4.90,
98736,,4.64,
98725,,4.25,
98722,,5.10,
98720,,4.60,
98717,,4.76,
98715,,4.70,
98713,,4.70,
98710,,4.30,
98707,,4.90,
98704,,4.90,
98703,,4.60,
98701,,5.26,
98696,,4.90,
98692,,4.60,
98690,,4.85,
98686,,4.40,
98684,,4.45,
98682,,4.25,
98671,,4.66,
98665,,4.80,
98659,,4.80,
98650,,4.77,
98649,,4.77,
98647,,4.90,
98646,,5.00,
98643,,4.50,
98640,,5.00,
98638,,4.47,
98632,,4.80,
98631,,4.40,
98630,,4.80,
98624,,4.40,
98614,,4.40,
98611,,4.50,
98609,,4.90,
98603,,5.00,
98595,,5.03,
98582,,4.70,
98571,,4.86,
98570,,4.78,
98569,,4.78,
98564,,5.00,
98561,,4.95,
98534,,5.30,
98532,,5.10,
98526,,5.16,
98523,,5.10,
98520,,5.30,
98515,,4.50,
98511,,5.56,
98499,,5.00,
98497,,5.26,
98494,,5.00,
98493,,5.20,
98484,,5.40,
98478,,5.28,
98475,,5.36,
98474,,5.49,
98469,,5.18,
98467,,4.90,
98466,,5.14,
98465,,5.13,
98463,,5.10,
98455,,5.26,
98453,,5.00,
98435,,5.40,
98424,,5.30,
98420,,5.20,
98419,,5.00,
98415,,5.70,
98414,,5.20,
98412,,5.30,
98408,,5.30,
98407,,5.44,
98402,,5.00,
98401,,5.20,
98400,,5.00,
98399,,5.00,
98397,,5.10,
98396,,4.96,
98394,,5.46,
98393,,5.10,
98392,,5.00,
98384,,4.36,
98383,,4.86,
98382,,4.35,
98376,,4.20,
98375,,4.86,
98373,,4.28,
98355,,4.20,
98354,,4.38,
98348,,4.15,
98347,,4.43,
98345,,5.00,
98342,,4.70,
98341,,4.50,
98339,,4.70,
98338,,4.80,
98335,,4.90,
98333,,4.76,
98332,,4.50,
98328,,4.65,
98326,,4.70,
98317,,4.96,
98316,,4.18,
98315,,4.49,
98312,,4.91,
98308,,4.96,
98304,,4.90,
98303,,4.55,
98301,,5.04,
98286,,4.80,
98282,,4.70,
98280,,5.49,
98278,,5.45,
98275,,5.30,
98272,,5.70,
98270,,4.76,
98265,,4.80,
98257,,4.70,
98253,,4.60,
98251,,4.49,
98250,,5.00,
98249,,4.12,
98240,,4.80,
98236,,4.70,
98233,,4.78,
98232,,4.30,
98230,,5.30,
98226,,4.90,
98219,,4.70,
98217,,4.96,
98213,,4.33,
98205,,4.71,
98198,,4.86,
98195,,4.57,
98191,,4.80,
98190,,5.30,
98186,,4.60,
98180,,4.50,
98177,,4.75,
98175,,4.80,
98174,,5.00,
98171,,5.00,
98169,,4.97,
98168,,4.69,
98162,,4.60,
98156,,4.63,
98148,,4.80,
98147,,4.70,
98146,,4.41,
98136,,4.90,
98128,,4.70,
98127,,4.70,
98126,,4.39,
98124,,4.60,
98122,,4.40,
98119,,4.29,
98109,,4.60,
98108,,4.66,
98099,,4.80,
98093,,4.40,
98088,,4.60,
98087,,4.40,
98081,,4.38,
98076,,4.44,
98073,,4.56,
98063,,4.60,
98060,,4.60,
98059,,4.58,
98054,,4.65,
98051,,4.85,
98044,,4.75,
98041,,4.86,
98025,,5.05,
98024,,4.90,
98020,,5.00,
98015,,4.90,
98014,,5.50,
98012,,4.57,
98008,,4.60,
97999,,5.00,
97997,,4.84,
97995,,4.50,
97994,,4.55,
97993,,4.64,
97992,,4.86,
97991,,4.80,
97989,,4.80,
97986,,5.10,
97984,,4.85,
97983,,4.80,
97981,,4.59,
97977,,4.90,
97976,,4.75,
97974,,4.90,
97965,,5.25,
97964,,5.26,
97961,,5.30,
97959,,5.30,
97957,,5.40,
97955,,5.26,
97953,,5.21,
97951,,5.30,
97949,,5.60,
97942,,5.45,
97939,,5.40,
97938,,5.40,
97935,,5.20,
97934,,5.40,
97932,,5.00,
97931,,5.00,
97927,,5.20,
97926,,5.30,
97924,,5.20,
97922,,5.40,
97919,,4.99,
97917,,5.50,
97916,,5.40,
97912,,5.30,
97910,,5.40,
97908,,5.33,
97903,,5.40,
97900,,5.30,
97888,,5.40,
97887,,5.40,
97884,,4.90,
97883,,4.70,
97881,,4.65,
97879,,5.20,
97878,,5.80,
97870,,5.38,
97868,,4.90,
97862,,4.90,
97857,,4.66,
97856,,4.60,
97845,,5.10,
97843,,5.00,
97842,,5.18,
97835,,5.30,
97830,,5.00,
97828,,5.00,
97827,,5.00,
97825,,5.30,
97817,,4.95,
97815,,4.90,
97813,,5.20,
97812,,4.60,
97811,,4.90,
97807,,4.90,
97802,,4.96,
97801,,4.90,
97797,,5.30,
97794,,4.96,
97793,,5.17,
97792,,5.40,
97780,,5.18,
97772,,5.06,
97765,,4.90,
97764,,5.00,
97763,,4.90,
97762,,4.90,
97761,,5.00,
97758,,5.00,
97754,,5.10,
97750,,5.00,
97749,,4.60,
97748,,4.65,
97747,,4.90,
97746,,4.90,
97745,,4.90,
97744,,4.80,
97743,,4.90,
97742,,5.00,
97739,,4.70,
97736,,4.85,
97734,,4.90,
97731,,4.80,
97728,,5.00,
97726,,4.80,
97723,,4.51,
97722,,5.20,
97720,,5.20,
97718,,5.10,
97715,,5.10,
97714,,4.77,
97707,,5.10,
97698,,4.90,
97693,,4.75,
97689,,4.80,
97684,,5.00,
97683,,4.82,
97681,,5.40,
97676,,5.10,
97674,,5.10,
97672,,5.10,
97665,,5.00,
97659,,5.20,
97658,,5.10,
97656,,5.00,
97655,,5.15,
97653,,5.10,
97650,,5.50,
97649,,5.30,
97644,,5.10,
97638,,5.35,
97637,,5.23,
97636,,4.90,
97633,,5.40,
97623,,4.85,
97620,,4.66,
97617,,4.65,
97616,,4.18,
97611,,4.70,
97605,,5.10,
97601,,4.71,
97597,,4.40,
97591,,4.70,
97588,,4.56,
97587,,4.56,
97586,,5.00,
97583,,4.40,
97574,,4.70,
97573,,4.70,
97572,,4.70,
97570,,4.66,
97569,,4.80,
97567,,4.80,
97566,,4.66,
97561,,4.59,
97557,,4.70,
97554,,4.58,
97550,,4.66,
97541,,4.60,
97540,,4.65,
97538,,4.60,
97530,,4.50,
97529,,4.96,
97528,,4.85,
97525,,5.00,
97521,,4.60,
97520,,4.69,
97512,,5.00,
97509,,4.90,
97506,,5.25,
97505,,5.06,
97503,,4.90,
97502,,5.40,
97484,,5.25,
97478,,5.00,
97463,,4.86,
97462,,5.10,
97460,,5.00,
97456,,5.11,
97454,,4.80,
97452,,4.86,
97448,,5.40,
97440,,4.80,
97439,,5.00,
97437,,4.70,
97434,,5.20,
97431,,4.90,
97429,,4.60,
97428,,4.60,
97427,,4.59,
97422,,4.90,
97417,,4.80,
97415,,4.90,
97414,,4.80,
97413,,4.70,
97405,,4.98,
97404,,5.00,
97403,,4.80,
97400,,4.70,
97399,,4.80,
97397,,4.96,
97396,,4.90,
97391,,4.62,
97377,,4.50,
97376,,4.14,
97374,,4.74,
97372,,4.60,
97371,,4.64,
97369,,4.76,
97368,,4.80,
97361,,4.20,
97356,,4.65,
97354,,4.80,
97351,,4.20,
97350,,4.46,
97348,,4.70,
97347,,4.80,
97345,,4.60,
97343,,4.91,
97342,,4.20,
97340,,4.75,
97338,,4.75,
97336,,4.60,
97335,,4.70,
97333,,4.90,
97331,,4.90,
97330,,4.60,
97329,,4.95,
97326,,4.20,
97324,,4.20,
97322,,4.80,
97321,,4.60,
97318,,4.70,
97311,,4.80,
97306,,4.70,
97300,,4.70,
97283,,4.50,
97282,,4.50,
97274,,4.49,
97269,,4.60,
97258,,4.70,
97257,,4.60,
97253,,4.70,
97252,,4.36,
97251,,4.80,
97248,,4.50,
97242,,4.60,
97240,,4.66,
97238,,4.65,
97237,,4.65,
97229,,4.60,
97228,,4.60,
97220,,4.80,
97217,,4.70,
97212,,4.60,
97211,,4.60,
97210,,4.60,
97205,,4.60,
97203,,4.60,
97200,,4.70,
97199,,4.80,
97195,,4.60,
97194,,4.73,
97193,,4.68,
97189,,4.75,
97178,,4.75,
97177,,4.75,
97176,,4.60,
97175,,4.60,
97165,,4.70,
97163,,4.80,
97161,,4.27,
97157,,4.80,
97153,,4.70,
97149,,4.75,
97148,,4.74,
97147,,4.68,
97144,,4.60,
97139,,4.89,
97138,,4.89,
97132,,4.70,
97128,,5.00,
97127,,4.90,
97121,,4.70,
97119,,4.36,
97118,,4.46,
97109,,4.41,
97108,,4.69,
97104,,4.63,
97102,,4.80,
97101,,4.60,
97092,,4.90,
97082,,4.60,
97081,,4.43,
97080,,4.50,
97078,,4.01,
97076,,4.34,
97072,,4.70,
97069,,4.70,
97068,,4.40,
97065,,5.00,
97063,,4.80,
97060,,4.90,
97057,,4.50,
97052,,4.40,
97050,,4.50,
97049,,4.46,
97046,,4.66,
97038,,4.40,
97037,,4.55,
97035,,4.73,
97034,,4.66,
97033,,4.92,
97027,,4.50,
97018,,4.49,
97016,,4.54,
97011,,4.67,
97009,,4.70,
97002,,4.60,
97001,,4.60,
96995,,4.80,
96993,,4.90,
96991,,4.60,
96981,,4.80,
96976,,4.68,
96975,,4.79,
96974,,4.60,
96965,,4.26,
96962,,4.40,
96959,,4.50,
96956,,4.72,
96955,,4.80,
96950,,4.26,
96939,,5.18,
96934,,4.90,
96930,,4.40,
96925,,5.00,
96919,,4.60,
96910,,5.00,
96907,,4.60,
96906,,5.00,
96903,,4.49,
96890,,4.30,
96887,,4.56,
96886,,4.56,
96883,,4.40,
96882,,4.50,
96879,,4.35,
96877,,4.40,
96875,,4.48,
96868,,4.55,
96867,,4.30,
96858,,4.20,
96856,,4.36,
96855,,4.36,
96846,,4.25,
96844,,4.46,
96843,,4.30,
96834,,4.56,
96831,,4.60,
96828,,4.30,
96827,,4.30,
96823,,4.40,
96819,,4.30,
96818,,4.30,
96814,,4.50,
96811,,4.50,
96805,,4.50,
96801,,4.50,
96800,,4.60,
96798,,4.56,
96790,,5.50,
96789,,4.38,
96786,,4.30,
96781,,4.40,
96780,,4.80,
96773,,4.36,
96771,,4.45,
96770,,4.36,
96764,,4.26,
96760,,4.30,
96759,,4.46,
96757,,4.80,
96751,,4.50,
96750,,4.36,
96748,,4.50,
96742,,4.70,
96735,,4.20,
96730,,4.40,
96727,,4.24,
96726,,4.40,
96721,,4.80,
96719,,4.30,
96707,,4.90,
96706,,4.40,
96699,,4.30,
96685,,4.80,
96682,,4.60,
96680,,5.00,
96679,,5.00,
96678,,4.40,
96673,,4.68,
96670,,4.46,
96668,,4.30,
96664,,4.40,
96661,,4.40,
96660,,4.50,
96659,,4.40,
96658,,4.40,
96657,,4.60,
96656,,4.60,
96655,,4.60,
96651,,4.60,
96631,,4.70,
96625,,4.18,
96619,,4.50,
96618,,4.30,
96614,,4.53,
96612,,4.20,
96611,,4.40,
96610,,4.30,
96596,,4.30,
96592,,4.56,
96591,,4.23,
96590,,4.50,
96588,,4.50,
96582,,4.40,
96581,,4.40,
96580,,4.60,
96577,,4.40,
96572,,4.23,
96567,,4.30,
96561,,4.36,
96560,,4.40,
96558,,4.20,
96557,,4.70,
96556,,4.42,
96553,,4.55,
96549,,4.72,
96546,,5.40,
96533,,4.40,
96531,,4.38,
96523,,4.50,
96512,,4.20,
96509,,4.22,
96498,,4.30,
96497,,4.26,
96489,,4.60,
96485,,4.52,
96484,,4.36,
96481,,4.70,
96479,,4.36,
96478,,4.30,
96477,,4.80,
96476,,4.60,
96473,,4.90,
96469,,4.68,
96468,,4.46,
96459,,4.30,
96458,,4.50,
96454,,4.20,
96453,,4.30,
96447,,4.87,
96441,,5.00,
96439,,4.90,
96437,,4.60,
96435,,4.46,
96434,,4.60,
96433,,4.40,
96429,,4.70,
96425,,4.70,
96413,,4.60,
96410,,4.70,
96407,,4.39,
96403,,4.80,
96400,,4.20,
96395,,4.76,
96394,,4.30,
96390,,4.40,
96388,,4.40,
96379,,4.50,
96378,,4.80,
96376,,4.20,
96375,,4.30,
96371,,4.36,
96369,,4.36,
96367,,4.60,
96351,,4.60,
96347,,4.47,
96345,,4.60,
96344,,4.90,
96343,,4.54,
96341,,4.40,
96335,,4.75,
96334,,4.70,
96333,,4.70,
96331,,4.70,
96329,,4.60,
96327,,4.90,
96324,,4.50,
96319,,4.45,
96318,,4.50,
96316,,4.90,
96315,,4.60,
96314,,4.70,
96312,,4.50,
96311,,4.50,
96310,,4.26,
96307,,4.50,
96306,,4.50,
96304,,4.50,
96303,,4.55,
96302,,4.55,
96300,,4.42,
96299,,4.58,
96298,,4.55,
96296,,4.80,
96291,,4.90,
96290,,4.60,
96285,,4.80,
96280,,4.67,
96276,,4.40,
96273,,4.44,
96272,,4.45,
96271,,4.68,
96266,,4.80,
96265,,4.60,
96262,,4.70,
96260,,4.44,
96256,,4.80,
96250,,4.40,
96249,,4.50,
96248,,4.59,
96245,,4.54,
96244,,4.55,
96243,,4.38,
96241,,4.60,
96240,,4.80,
96239,,4.60,
96234,,4.60,
96232,,5.10,
96231,,4.90,
96230,,4.70,
96227,,5.00,
96225,,5.10,
96224,,4.70,
96223,,4.80,
96220,,4.30,
96218,,4.70,
96214,,5.00,
96213,,4.50,
96177,,4.70,
96146,,4.90,
96106,,4.80,
96045,,4.76,
95925,,5.02,
95915,,5.18,
94750,,6.00,
94743,,4.30,
93218,,4.60,
93217,,5.06,
93215,,4.46,
93214,,4.93,
93213,,4.46,
93211,,4.30,
93208,,4.73,
93206,,5.05,
93205,,5.09,
93204,,4.80,
93202,,4.80,
93194,,5.20,
93193,,4.20,
93189,,4.40,
93188,,4.81,
93186,,5.10,
93184,,4.25,
93183,,4.57,
93180,,5.30,
93178,,4.80,
93174,,5.14,
93171,,4.70,
93170,,4.50,
93168,,4.30,
93166,,5.30,
93165,,4.80,
93161,,4.95,
93156,,4.96,
93155,,4.55,
93152,,4.60,
93149,,5.00,
93147,,4.90,
93146,,4.50,
93145,,5.00,
93144,,4.35,
93141,,5.00,
93140,,5.00,
93113,,4.66,
93064,,4.59,
93048,,5.00,
93029,,4.60,
92988,,4.65,
92981,,5.20,
92972,,4.74,
92971,,4.50,
92943,,5.00,
92939,,5.10,
92900,,4.88,
92899,,4.80,
92898,,4.76,
92897,,4.70,
92896,,4.20,
92894,,4.80,
92886,,4.59,
92885,,4.90,
92878,,4.90,
92873,,4.65,
92867,,4.66,
92865,,5.30,
92818,,4.60,
92809,,4.86,
92801,,5.66,
92799,,5.00,
92798,,5.06,
92797,,5.28,
92795,,5.18,
92794,,5.10,
92793,,5.10,
92792,,5.00,
92791,,5.06,
92790,,5.10,
92766,,5.00,
92764,,4.55,
92763,,5.15,
92762,,4.30,
92761,,5.10,
92756,,4.89,
92755,,4.96,
92754,,4.73,
92753,,5.00,
92751,,4.90,
92750,,4.70,
92747,,4.86,
92745,,4.90,
92744,,4.75,
92732,,4.95,
92729,,4.90,
92728,,5.00,
92723,,4.50,
92721,,4.90,
92720,,5.93,
92719,,5.10,
92714,,5.10,
92713,,5.30,
92712,,4.80,
92705,,4.90,
92704,,4.30,
92703,,4.66,
92700,,5.04,
92699,,4.38,
92698,,5.10,
92697,,4.75,
92694,,4.80,
92693,,4.80,
92691,,4.90,
92690,,4.76,
92687,,5.00,
92685,,4.76,
92682,,4.70,
92679,,4.70,
92670,,4.50,
92666,,4.70,
92665,,5.56,
92664,,5.20,
92663,,5.51,
92661,,5.40,
92660,,5.00,
92658,,5.26,
92651,,4.66,
92648,,4.70,
92646,,4.70,
92643,,4.25,
92642,,4.76,
92641,,4.70,
92638,,4.70,
92637,,4.75,
92634,,4.60,
92633,,5.10,
92627,,4.35,
92625,,4.56,
92624,,5.16,
92616,,4.55,
92615,,4.60,
92614,,4.50,
92613,,4.70,
92612,,4.58,
92610,,4.20,
92607,,4.50,
92606,,4.70,
92602,,4.90,
92599,,5.35,
92598,,4.96,
92592,,4.46,
92591,,5.39,
92590,,4.90,
92588,,5.00,
92585,,4.76,
92583,,4.70,
92582,,4.76,
92581,,4.60,
92578,,4.60,
92575,,4.94,
92572,,4.60,
92570,,4.60,
92568,,4.60,
92559,,4.56,
92558,,4.92,
92554,,5.40,
92551,,4.76,
92549,,4.60,
92548,,4.50,
92547,,4.50,
92545,,5.30,
92543,,4.76,
92542,,5.00,
92537,,5.10,
92536,,4.70,
92535,,5.09,
92534,,5.10,
92533,,6.70,
92530,,4.80,
92529,,5.25,
92525,,4.62,
92524,,5.59,
92522,,4.90,
92518,,4.85,
92513,,5.30,
92512,,5.13,
92511,,4.30,
92510,,4.44,
92507,,5.10,
92506,,5.40,
92505,,5.39,
92504,,5.40,
92498,,5.55,
92495,,4.66,
92493,,5.44,
92489,,4.70,
92486,,4.30,
92483,,5.00,
92481,,5.39,
92480,,4.28,
92478,,4.30,
92475,,5.13,
92472,,4.73,
92470,,4.86,
92466,,4.19,
92465,,4.46,
92461,,4.54,
92460,,4.56,
92458,,4.65,
92456,,5.39,
92452,,5.18,
92451,,4.60,
92450,,4.95,
92449,,5.29,
92448,,4.78,
92446,,5.30,
92444,,5.23,
92443,,4.80,
92439,,5.02,
92437,,5.40,
92436,,5.06,
92434,,5.31,
92432,,5.02,
92430,,5.40,
92429,,5.02,
92426,,5.44,
92423,,5.03,
92422,,5.39,
92417,,5.45,
92416,,5.25,
92413,,4.95,
92410,,5.02,
92407,,4.83,
92405,,4.73,
92404,,5.12,
92402,,4.81,
92400,,5.50,
92398,,4.83,
92396,,5.01,
92393,,4.95,
92391,,5.65,
92389,,5.18,
92387,,5.10,
92384,,5.40,
92380,,4.70,
92378,,5.13,
92377,,5.40,
92376,,5.44,
92375,,5.13,
92373,,5.40,
92372,,4.70,
92369,,5.29,
92368,,5.39,
92367,,5.06,
92366,,5.01,
92364,,5.02,
92363,,5.16,
92362,,4.66,
92359,,5.10,
92358,,5.17,
92349,,5.18,
92346,,5.25,
92343,,4.95,
92342,,5.45,
92341,,5.40,
92340,,5.29,
92338,,5.10,
92337,,5.03,
92336,,5.17,
92334,,4.95,
92330,,5.06,
92327,,5.20,
92326,,5.03,
92325,,4.64,
92324,,5.06,
92322,,4.95,
92319,,5.06,
92318,,5.22,
92317,,5.14,
92315,,4.95,
92314,,5.17,
92312,,4.95,
92311,,5.45,
92307,,5.12,
92303,,4.75,
92301,,5.25,
92299,,4.66,
92290,,4.97,
92287,,5.06,
92286,,5.14,
92284,,5.14,
92282,,5.44,
92281,,5.40,
92280,,4.95,
92276,,5.13,
92271,,5.17,
92270,,5.45,
92267,,4.55,
92266,,5.10,
92265,,4.26,
92259,,5.20,
92257,,4.90,
92243,,4.70,
92238,,5.20,
92236,,4.83,
92234,,4.80,
92230,,4.90,
92216,,4.50,
92215,,4.60,
92213,,5.30,
92209,,5.30,
92205,,4.50,
92197,,4.46,
92194,,5.00,
92192,,4.40,
92190,,5.00,
92179,,5.40,
92177,,4.40,
31832,,4.97,
31088,,4.80,
31087,,5.00,
31086,,4.90,
31082,,4.60,
31081,,4.80,
31078,,4.80,
31075,,4.85,
31065,,4.84,
31058,,4.83,
31014,,4.60,
31013,,4.60,
31008,,4.70,
31006,,5.30,
31005,,5.40,
31000,,4.18,
30987,,5.00,
30986,,4.80,
30984,,5.00,
30983,,5.04,
30981,,4.90,
30976,,4.60,
30975,,4.95,
30974,,4.90,
30973,,4.70,
30969,,4.84,
30967,,5.30,
30966,,5.16,
30962,,5.00,
30960,,5.00,
30958,,4.48,
27882,,4.40,
27874,,4.19,
27836,,4.30,
27823,,4.60,
27819,,4.30,
27815,,4.36,
